CNTY_CODE,FIPS_CODE,CDDIST,total_votes,precinct_area,hispanic_cvap_share,hispanic_turnout_rate,hispanic_expected_voters,black_cvap_share,black_turnout_rate,black_expected_voters,asian_cvap_share,asian_turnout_rate,asian_expected_voters,white_cvap_share,white_turnout_rate,white_expected_voters,total_cvap,weighted_turnout,dem_total_raised,dem_total_spent,dem_cash_on_hand,dem_individual_contributions,rep_total_raised,rep_total_spent,rep_cash_on_hand,rep_individual_contributions,fundraising_advantage,spending_advantage,dem_fundraising_share,dem_spending_share,COUNTY_encoded,other_party_votes,turnout_x_funding,hispanic_power,white_power,dem_dollar_per_vote,rep_dollar_per_vote,minority_ratio,precinct_area_normalized,total_votes_normalized,fundraising_advantage_normalized,spending_advantage_normalized
1,6001,13,1,0.0136652775920652,0.5143447212571685,0.54,106647.3,0.0420080526285633,0.63,10161.9,0.063525134514316,0.59,14391.28,0.3801220915999521,0.71,103629.47,383974,0.6115777370342783,5416262.01,4671627.25,799009.45,4813067.49,4147091.59,3213218.23,959391.99,1579691.68,1269170.42,1458409.02,56.63559287403114,59.24817755591578,0,0,34.63706772549466,0.277746149478871,0.26988668503596597,4671627.25,3213218.23,1.6307337092431329,-0.7287241416356304,-1.470141939593547,-0.9973649493065532,
1,6001,13,0,0.0295118478712561,0.5143447212571685,0.54,106647.3,0.0420080526285633,0.63,10161.9,0.063525134514316,0.59,14391.28,0.3801220915999521,0.71,103629.47,383974,0.6115777370342783,5416262.01,4671627.25,799009.45,4813067.49,4147091.59,3213218.23,959391.99,1579691.68,1269170.42,1458409.02,56.63559287403114,59.24817755591578,0,0,34.63706772549466,0.277746149478871,0.26988668503596597,inf,inf,1.6307337092431329,-0.7240343168001603,-1.4708985316245629,-0.9973649493065532,
1,6001,13,0,0.0304585621472481,0.5143447212571685,0.54,106647.3,0.0420080526285633,0.63,10161.9,0.063525134514316,0.59,14391.28,0.3801220915999521,0.71,103629.47,383974,0.6115777370342783,5416262.01,4671627.25,799009.45,4813067.49,4147091.59,3213218.23,959391.99,1579691.68,1269170.42,1458409.02,56.63559287403114,59.24817755591578,0,0,34.63706772549466,0.277746149478871,0.26988668503596597,inf,inf,1.6307337092431329,-0.7237541347768317,-1.4708985316245629,-0.9973649493065532,
1,6001,13,0,0.0414019474955444,0.5143447212571685,0.54,106647.3,0.0420080526285633,0.63,10161.9,0.063525134514316,0.59,14391.28,0.3801220915999521,0.71,103629.47,383974,0.6115777370342783,5416262.01,4671627.25,799009.45,4813067.49,4147091.59,3213218.23,959391.99,1579691.68,1269170.42,1458409.02,56.63559287403114,59.24817755591578,0,0,34.63706772549466,0.277746149478871,0.26988668503596597,inf,inf,1.6307337092431329,-0.7205154175347827,-1.4708985316245629,-0.9973649493065532,
1,6001,13,0,0.0498245820379251,0.5143447212571685,0.54,106647.3,0.0420080526285633,0.63,10161.9,0.063525134514316,0.59,14391.28,0.3801220915999521,0.71,103629.47,383974,0.6115777370342783,5416262.01,4671627.25,799009.45,4813067.49,4147091.59,3213218.23,959391.99,1579691.68,1269170.42,1458409.02,56.63559287403114,59.24817755591578,0,0,34.63706772549466,0.277746149478871,0.26988668503596597,inf,inf,1.6307337092431329,-0.7180227216415384,-1.4708985316245629,-0.9973649493065532,
1,6001,13,208,0.0652479767980594,0.5143447212571685,0.54,106647.3,0.0420080526285633,0.63,10161.9,0.063525134514316,0.59,14391.28,0.3801220915999521,0.71,103629.47,383974,0.6115777370342783,5416262.01,4671627.25,799009.45,4813067.49,4147091.59,3213218.23,959391.99,1579691.68,1269170.42,1458409.02,56.63559287403114,59.24817755591578,0,8,34.63706772549466,0.277746149478871,0.26988668503596597,22459.74639423077,15448.164567307693,1.6307337092431329,-0.713458136465128,-1.3135273891732653,-0.9973649493065532,
1,6001,13,0,0.0504791540061019,0.5143447212571685,0.54,106647.3,0.0420080526285633,0.63,10161.9,0.063525134514316,0.59,14391.28,0.3801220915999521,0.71,103629.47,383974,0.6115777370342783,5416262.01,4671627.25,799009.45,4813067.49,4147091.59,3213218.23,959391.99,1579691.68,1269170.42,1458409.02,56.63559287403114,59.24817755591578,0,0,34.63706772549466,0.277746149478871,0.26988668503596597,inf,inf,1.6307337092431329,-0.7178289997308112,-1.4708985316245629,-0.9973649493065532,
1,6001,13,108,0.074417429869669,0.5143447212571685,0.54,106647.3,0.0420080526285633,0.63,10161.9,0.063525134514316,0.59,14391.28,0.3801220915999521,0.71,103629.47,383974,0.6115777370342783,5416262.01,4671627.25,799009.45,4813067.49,4147091.59,3213218.23,959391.99,1579691.68,1269170.42,1458409.02,56.63559287403114,59.24817755591578,0,3,34.63706772549466,0.277746149478871,0.26988668503596597,43255.80787037037,29752.020648148147,1.6307337092431329,-0.7107444181030304,-1.3891865922748508,-0.9973649493065532,
1,6001,13,180,0.0703310220064515,0.5143447212571685,0.54,106647.3,0.0420080526285633,0.63,10161.9,0.063525134514316,0.59,14391.28,0.3801220915999521,0.71,103629.47,383974,0.6115777370342783,5416262.01,4671627.25,799009.45,4813067.49,4147091.59,3213218.23,959391.99,1579691.68,1269170.42,1458409.02,56.63559287403114,59.24817755591578,0,6,34.63706772549466,0.277746149478871,0.26988668503596597,25953.484722222223,17851.21238888889,1.6307337092431329,-0.711953798855277,-1.3347119660417093,-0.9973649493065532,
1,6001,13,2,0.096328475460271,0.5143447212571685,0.54,106647.3,0.0420080526285633,0.63,10161.9,0.063525134514316,0.59,14391.28,0.3801220915999521,0.71,103629.47,383974,0.6115777370342783,5416262.01,4671627.25,799009.45,4813067.49,4147091.59,3213218.23,959391.99,1579691.68,1269170.42,1458409.02,56.63559287403114,59.24817755591578,0,0,34.63706772549466,0.277746149478871,0.26988668503596597,2335813.625,1606609.115,1.6307337092431329,-0.7042597994144765,-1.4693853475625311,-0.9973649493065532,
1,6001,13,68,0.0955048325293472,0.5143447212571685,0.54,106647.3,0.0420080526285633,0.63,10161.9,0.063525134514316,0.59,14391.28,0.3801220915999521,0.71,103629.47,383974,0.6115777370342783,5416262.01,4671627.25,799009.45,4813067.49,4147091.59,3213218.23,959391.99,1579691.68,1269170.42,1458409.02,56.63559287403114,59.24817755591578,0,4,34.63706772549466,0.277746149478871,0.26988668503596597,68700.40073529411,47253.20926470588,1.6307337092431329,-0.7045035582218998,-1.4194502735154848,-0.9973649493065532,
1,6001,13,209,0.101955987971492,0.5143447212571685,0.54,106647.3,0.0420080526285633,0.63,10161.9,0.063525134514316,0.59,14391.28,0.3801220915999521,0.71,103629.47,383974,0.6115777370342783,5416262.01,4671627.25,799009.45,4813067.49,4147091.59,3213218.23,959391.99,1579691.68,1269170.42,1458409.02,56.63559287403114,59.24817755591578,0,2,34.63706772549466,0.277746149478871,0.26988668503596597,22352.283492822968,15374.24990430622,1.6307337092431329,-0.7025943255944601,-1.3127707971422495,-0.9973649493065532,
1,6001,13,171,0.108467639604319,0.5143447212571685,0.54,106647.3,0.0420080526285633,0.63,10161.9,0.063525134514316,0.59,14391.28,0.3801220915999521,0.71,103629.47,383974,0.6115777370342783,5416262.01,4671627.25,799009.45,4813067.49,4147091.59,3213218.23,959391.99,1579691.68,1269170.42,1458409.02,56.63559287403114,59.24817755591578,0,3,34.63706772549466,0.277746149478871,0.26988668503596597,27319.457602339182,18790.749883040935,1.6307337092431329,-0.7006671889958446,-1.3415212943208519,-0.9973649493065532,
1,6001,13,0,0.0483885321626349,0.5143447212571685,0.54,106647.3,0.0420080526285633,0.63,10161.9,0.063525134514316,0.59,14391.28,0.3801220915999521,0.71,103629.47,383974,0.6115777370342783,5416262.01,4671627.25,799009.45,4813067.49,4147091.59,3213218.23,959391.99,1579691.68,1269170.42,1458409.02,56.63559287403114,59.24817755591578,0,0,34.63706772549466,0.277746149478871,0.26988668503596597,inf,inf,1.6307337092431329,-0.7184477235347841,-1.4708985316245629,-0.9973649493065532,
1,6001,13,0,0.0876273299706659,0.5143447212571685,0.54,106647.3,0.0420080526285633,0.63,10161.9,0.063525134514316,0.59,14391.28,0.3801220915999521,0.71,103629.47,383974,0.6115777370342783,5416262.01,4671627.25,799009.45,4813067.49,4147091.59,3213218.23,959391.99,1579691.68,1269170.42,1458409.02,56.63559287403114,59.24817755591578,0,0,34.63706772549466,0.277746149478871,0.26988668503596597,inf,inf,1.6307337092431329,-0.7068349211913177,-1.4708985316245629,-0.9973649493065532,
1,6001,13,54,0.1002040787019107,0.5143447212571685,0.54,106647.3,0.0420080526285633,0.63,10161.9,0.063525134514316,0.59,14391.28,0.3801220915999521,0.71,103629.47,383974,0.6115777370342783,5416262.01,4671627.25,799009.45,4813067.49,4147091.59,3213218.23,959391.99,1579691.68,1269170.42,1458409.02,56.63559287403114,59.24817755591578,0,2,34.63706772549466,0.277746149478871,0.26988668503596597,86511.61574074074,59504.041296296295,1.6307337092431329,-0.703112806720484,-1.4300425619497068,-0.9973649493065532,
1,6001,13,0,0.1091640125695409,0.5143447212571685,0.54,106647.3,0.0420080526285633,0.63,10161.9,0.063525134514316,0.59,14391.28,0.3801220915999521,0.71,103629.47,383974,0.6115777370342783,5416262.01,4671627.25,799009.45,4813067.49,4147091.59,3213218.23,959391.99,1579691.68,1269170.42,1458409.02,56.63559287403114,59.24817755591578,0,0,34.63706772549466,0.277746149478871,0.26988668503596597,inf,inf,1.6307337092431329,-0.7004610959946772,-1.4708985316245629,-0.9973649493065532,
1,6001,13,518,0.1783192684043002,0.5143447212571685,0.54,106647.3,0.0420080526285633,0.63,10161.9,0.063525134514316,0.59,14391.28,0.3801220915999521,0.71,103629.47,383974,0.6115777370342783,5416262.01,4671627.25,799009.45,4813067.49,4147091.59,3213218.23,959391.99,1579691.68,1269170.42,1458409.02,56.63559287403114,59.24817755591578,0,28,34.63706772549466,0.277746149478871,0.26988668503596597,9018.585424710425,6203.1239961389965,1.6307337092431329,-0.6799944568037958,-1.0789838595583507,-0.9973649493065532,
1,6001,13,52,0.0482136195209537,0.5143447212571685,0.54,106647.3,0.0420080526285633,0.63,10161.9,0.063525134514316,0.59,14391.28,0.3801220915999521,0.71,103629.47,383974,0.6115777370342783,5416262.01,4671627.25,799009.45,4813067.49,4147091.59,3213218.23,959391.99,1579691.68,1269170.42,1458409.02,56.63559287403114,59.24817755591578,0,0,34.63706772549466,0.277746149478871,0.26988668503596597,89838.98557692308,61792.65826923077,1.6307337092431329,-0.7184994892882905,-1.4315557460117385,-0.9973649493065532,
1,6001,13,274,0.1946084708602243,0.5143447212571685,0.54,106647.3,0.0420080526285633,0.63,10161.9,0.063525134514316,0.59,14391.28,0.3801220915999521,0.71,103629.47,383974,0.6115777370342783,5416262.01,4671627.25,799009.45,4813067.49,4147091.59,3213218.23,959391.99,1579691.68,1269170.42,1458409.02,56.63559287403114,59.24817755591578,0,10,34.63706772549466,0.277746149478871,0.26988668503596597,17049.734489051094,11727.073832116788,1.6307337092431329,-0.6751736340716926,-1.263592315126219,-0.9973649493065532,
1,6001,13,321,0.1587959493477242,0.5143447212571685,0.54,106647.3,0.0420080526285633,0.63,10161.9,0.063525134514316,0.59,14391.28,0.3801220915999521,0.71,103629.47,383974,0.6115777370342783,5416262.01,4671627.25,799009.45,4813067.49,4147091.59,3213218.23,959391.99,1579691.68,1269170.42,1458409.02,56.63559287403114,59.24817755591578,0,6,34.63706772549466,0.277746149478871,0.26988668503596597,14553.355919003116,10010.025638629284,1.6307337092431329,-0.6857724229484683,-1.228032489668474,-0.9973649493065532,
1,6001,13,626,0.2243650919008014,0.5143447212571685,0.54,106647.3,0.0420080526285633,0.63,10161.9,0.063525134514316,0.59,14391.28,0.3801220915999521,0.71,103629.47,383974,0.6115777370342783,5416262.01,4671627.25,799009.45,4813067.49,4147091.59,3213218.23,959391.99,1579691.68,1269170.42,1458409.02,56.63559287403114,59.24817755591578,0,15,34.63706772549466,0.277746149478871,0.26988668503596597,7462.663338658147,5132.936469648563,1.6307337092431329,-0.666367101306743,-0.9972719202086386,-0.9973649493065532,
1,6001,13,293,0.1839087664879824,0.5143447212571685,0.54,106647.3,0.0420080526285633,0.63,10161.9,0.063525134514316,0.59,14391.28,0.3801220915999521,0.71,103629.47,383974,0.6115777370342783,5416262.01,4671627.25,799009.45,4813067.49,4147091.59,3213218.23,959391.99,1579691.68,1269170.42,1458409.02,56.63559287403114,59.24817755591578,0,5,34.63706772549466,0.277746149478871,0.26988668503596597,15944.120307167235,10966.615119453925,1.6307337092431329,-0.6783402334312413,-1.2492170665369178,-0.9973649493065532,
1,6001,13,524,0.2706743086037306,0.5143447212571685,0.54,106647.3,0.0420080526285633,0.63,10161.9,0.063525134514316,0.59,14391.28,0.3801220915999521,0.71,103629.47,383974,0.6115777370342783,5416262.01,4671627.25,799009.45,4813067.49,4147091.59,3213218.23,959391.99,1579691.68,1269170.42,1458409.02,56.63559287403114,59.24817755591578,0,16,34.63706772549466,0.277746149478871,0.26988668503596597,8915.319179389313,6132.095858778626,1.6307337092431329,-0.6526617940523549,-1.0744443073722556,-0.9973649493065532,
1,6001,13,10,0.2027481165767962,0.5143447212571685,0.54,106647.3,0.0420080526285633,0.63,10161.9,0.063525134514316,0.59,14391.28,0.3801220915999521,0.71,103629.47,383974,0.6115777370342783,5416262.01,4671627.25,799009.45,4813067.49,4147091.59,3213218.23,959391.99,1579691.68,1269170.42,1458409.02,56.63559287403114,59.24817755591578,0,0,34.63706772549466,0.277746149478871,0.26988668503596597,467162.725,321321.823,1.6307337092431329,-0.672764689299357,-1.4633326113144043,-0.9973649493065532,
1,6001,13,510,0.3720105390611446,0.5143447212571685,0.54,106647.3,0.0420080526285633,0.63,10161.9,0.063525134514316,0.59,14391.28,0.3801220915999521,0.71,103629.47,383974,0.6115777370342783,5416262.01,4671627.25,799009.45,4813067.49,4147091.59,3213218.23,959391.99,1579691.68,1269170.42,1458409.02,56.63559287403114,59.24817755591578,0,14,34.63706772549466,0.277746149478871,0.26988668503596597,9160.05343137255,6300.427901960784,1.6307337092431329,-0.6226711297029731,-1.0850365958064776,-0.9973649493065532,
1,6001,13,9,0.3233684225922953,0.5143447212571685,0.54,106647.3,0.0420080526285633,0.63,10161.9,0.063525134514316,0.59,14391.28,0.3801220915999521,0.71,103629.47,383974,0.6115777370342783,5416262.01,4671627.25,799009.45,4813067.49,4147091.59,3213218.23,959391.99,1579691.68,1269170.42,1458409.02,56.63559287403114,59.24817755591578,0,0,34.63706772549466,0.277746149478871,0.26988668503596597,519069.69444444444,357024.2477777778,1.6307337092431329,-0.6370668634072563,-1.4640892033454203,-0.9973649493065532,
1,6001,13,315,0.3024055646043322,0.5143447212571685,0.54,106647.3,0.0420080526285633,0.63,10161.9,0.063525134514316,0.59,14391.28,0.3801220915999521,0.71,103629.47,383974,0.6115777370342783,5416262.01,4671627.25,799009.45,4813067.49,4147091.59,3213218.23,959391.99,1579691.68,1269170.42,1458409.02,56.63559287403114,59.24817755591578,0,5,34.63706772549466,0.277746149478871,0.26988668503596597,14830.5626984127,10200.692793650793,1.6307337092431329,-0.6432708640384516,-1.2325720418545691,-0.9973649493065532,
1,6001,13,475,0.157203150794266,0.5143447212571685,0.54,106647.3,0.0420080526285633,0.63,10161.9,0.063525134514316,0.59,14391.28,0.3801220915999521,0.71,103629.47,383974,0.6115777370342783,5416262.01,4671627.25,799009.45,4813067.49,4147091.59,3213218.23,959391.99,1579691.68,1269170.42,1458409.02,56.63559287403114,59.24817755591578,0,13,34.63706772549466,0.277746149478871,0.26988668503596597,9835.004736842106,6764.669957894736,1.6307337092431329,-0.6862438149331249,-1.1115173168920325,-0.9973649493065532,
1,6001,13,388,0.3126938674202496,0.5143447212571685,0.54,106647.3,0.0420080526285633,0.63,10161.9,0.063525134514316,0.59,14391.28,0.3801220915999521,0.71,103629.47,383974,0.6115777370342783,5416262.01,4671627.25,799009.45,4813067.49,4147091.59,3213218.23,959391.99,1579691.68,1269170.42,1458409.02,56.63559287403114,59.24817755591578,0,5,34.63706772549466,0.277746149478871,0.26988668503596597,12040.276417525773,8281.490283505154,1.6307337092431329,-0.6402260198096479,-1.1773408235904117,-0.9973649493065532,
1,6001,13,4,0.1938011186542714,0.5143447212571685,0.54,106647.3,0.0420080526285633,0.63,10161.9,0.063525134514316,0.59,14391.28,0.3801220915999521,0.71,103629.47,383974,0.6115777370342783,5416262.01,4671627.25,799009.45,4813067.49,4147091.59,3213218.23,959391.99,1579691.68,1269170.42,1458409.02,56.63559287403114,59.24817755591578,0,1,34.63706772549466,0.277746149478871,0.26988668503596597,1167906.8125,803304.5575,1.6307337092431329,-0.6754125716057925,-1.4678721635004994,-0.9973649493065532,
1,6001,13,1011,0.3806038644000589,0.5143447212571685,0.54,106647.3,0.0420080526285633,0.63,10161.9,0.063525134514316,0.59,14391.28,0.3801220915999521,0.71,103629.47,383974,0.6115777370342783,5416262.01,4671627.25,799009.45,4813067.49,4147091.59,3213218.23,959391.99,1579691.68,1269170.42,1458409.02,56.63559287403114,59.24817755591578,0,33,34.63706772549466,0.277746149478871,0.26988668503596597,4620.79846686449,3178.2573986152324,1.6307337092431329,-0.6201279175199156,-0.7059839882675351,-0.9973649493065532,
1,6001,13,2667,0.4213256870311539,0.5143447212571685,0.54,106647.3,0.0420080526285633,0.63,10161.9,0.063525134514316,0.59,14391.28,0.3801220915999521,0.71,103629.47,383974,0.6115777370342783,5416262.01,4671627.25,799009.45,4813067.49,4147091.59,3213218.23,959391.99,1579691.68,1269170.42,1458409.02,56.63559287403114,59.24817755591578,0,61,34.63706772549466,0.277746149478871,0.26988668503596597,1751.641263592051,1204.8062354705662,1.6307337092431329,-0.6080762109514789,0.5469324150947181,-0.9973649493065532,
1,6001,13,224,0.1846199694254595,0.5143447212571685,0.54,106647.3,0.0420080526285633,0.63,10161.9,0.063525134514316,0.59,14391.28,0.3801220915999521,0.71,103629.47,383974,0.6115777370342783,5416262.01,4671627.25,799009.45,4813067.49,4147091.59,3213218.23,959391.99,1579691.68,1269170.42,1458409.02,56.63559287403114,59.24817755591578,0,3,34.63706772549466,0.277746149478871,0.26988668503596597,20855.47879464286,14344.724241071428,1.6307337092431329,-0.6781297514694997,-1.3014219166770118,-0.9973649493065532,
1,6001,13,752,0.5206760164871013,0.5143447212571685,0.54,106647.3,0.0420080526285633,0.63,10161.9,0.063525134514316,0.59,14391.28,0.3801220915999521,0.71,103629.47,383974,0.6115777370342783,5416262.01,4671627.25,799009.45,4813067.49,4147091.59,3213218.23,959391.99,1579691.68,1269170.42,1458409.02,56.63559287403114,59.24817755591578,0,14,34.63706772549466,0.277746149478871,0.26988668503596597,6212.270279255319,4272.896582446809,1.6307337092431329,-0.5786732780590227,-0.9019413243006411,-0.9973649493065532,
1,6001,13,901,0.4259560759753661,0.5143447212571685,0.54,106647.3,0.0420080526285633,0.63,10161.9,0.063525134514316,0.59,14391.28,0.3801220915999521,0.71,103629.47,383974,0.6115777370342783,5416262.01,4671627.25,799009.45,4813067.49,4147091.59,3213218.23,959391.99,1579691.68,1269170.42,1458409.02,56.63559287403114,59.24817755591578,0,26,34.63706772549466,0.277746149478871,0.26988668503596597,5184.9359045505,3566.279944506104,1.6307337092431329,-0.6067058378874116,-0.789209111679279,-0.9973649493065532,
1,6001,13,463,0.3762156190364587,0.5143447212571685,0.54,106647.3,0.0420080526285633,0.63,10161.9,0.063525134514316,0.59,14391.28,0.3801220915999521,0.71,103629.47,383974,0.6115777370342783,5416262.01,4671627.25,799009.45,4813067.49,4147091.59,3213218.23,959391.99,1579691.68,1269170.42,1458409.02,56.63559287403114,59.24817755591578,0,6,34.63706772549466,0.277746149478871,0.26988668503596597,10089.90766738661,6939.9961771058315,1.6307337092431329,-0.6214266276968031,-1.1205964212642228,-0.9973649493065532,
1,6001,13,2691,0.5620049488266676,0.5143447212571685,0.54,106647.3,0.0420080526285633,0.63,10161.9,0.063525134514316,0.59,14391.28,0.3801220915999521,0.71,103629.47,383974,0.6115777370342783,5416262.01,4671627.25,799009.45,4813067.49,4147091.59,3213218.23,959391.99,1579691.68,1269170.42,1458409.02,56.63559287403114,59.24817755591578,0,72,34.63706772549466,0.277746149478871,0.26988668503596597,1736.019044964697,1194.0610293571162,1.6307337092431329,-0.5664418961325445,0.5650906238390987,-0.9973649493065532,
1,6001,13,439,0.3685193901699635,0.5143447212571685,0.54,106647.3,0.0420080526285633,0.63,10161.9,0.063525134514316,0.59,14391.28,0.3801220915999521,0.71,103629.47,383974,0.6115777370342783,5416262.01,4671627.25,799009.45,4813067.49,4147091.59,3213218.23,959391.99,1579691.68,1269170.42,1458409.02,56.63559287403114,59.24817755591578,0,8,34.63706772549466,0.277746149478871,0.26988668503596597,10641.51993166287,7319.403712984054,1.6307337092431329,-0.6237043423468274,-1.1387546300086033,-0.9973649493065532,
1,6001,13,1220,0.5903033371279333,0.5143447212571685,0.54,106647.3,0.0420080526285633,0.63,10161.9,0.063525134514316,0.59,14391.28,0.3801220915999521,0.71,103629.47,383974,0.6115777370342783,5416262.01,4671627.25,799009.45,4813067.49,4147091.59,3213218.23,959391.99,1579691.68,1269170.42,1458409.02,56.63559287403114,59.24817755591578,0,24,34.63706772549466,0.277746149478871,0.26988668503596597,3829.2026639344263,2633.7854344262296,1.6307337092431329,-0.558066930324749,-0.5478562537852217,-0.9973649493065532,
1,6001,13,308,0.4218738664376752,0.5143447212571685,0.54,106647.3,0.0420080526285633,0.63,10161.9,0.063525134514316,0.59,14391.28,0.3801220915999521,0.71,103629.47,383974,0.6115777370342783,5416262.01,4671627.25,799009.45,4813067.49,4147091.59,3213218.23,959391.99,1579691.68,1269170.42,1458409.02,56.63559287403114,59.24817755591578,0,2,34.63706772549466,0.277746149478871,0.26988668503596597,15167.620941558442,10432.52672077922,1.6307337092431329,-0.6079139761366451,-1.23786818607168,-0.9973649493065532,
1,6001,13,1721,0.6334769190889608,0.5143447212571685,0.54,106647.3,0.0420080526285633,0.63,10161.9,0.063525134514316,0.59,14391.28,0.3801220915999521,0.71,103629.47,383974,0.6115777370342783,5416262.01,4671627.25,799009.45,4813067.49,4147091.59,3213218.23,959391.99,1579691.68,1269170.42,1458409.02,56.63559287403114,59.24817755591578,0,36,34.63706772549466,0.277746149478871,0.26988668503596597,2714.484166182452,1867.0646310284717,1.6307337092431329,-0.5452896205757165,-0.16880364624627917,-0.9973649493065532,
1,6001,13,687,0.677842931436351,0.5143447212571685,0.54,106647.3,0.0420080526285633,0.63,10161.9,0.063525134514316,0.59,14391.28,0.3801220915999521,0.71,103629.47,383974,0.6115777370342783,5416262.01,4671627.25,799009.45,4813067.49,4147091.59,3213218.23,959391.99,1579691.68,1269170.42,1458409.02,56.63559287403114,59.24817755591578,0,14,34.63706772549466,0.277746149478871,0.26988668503596597,6800.039665211063,4677.1735516739445,1.6307337092431329,-0.5321594086186981,-0.9511198063166716,-0.9973649493065532,
1,6001,13,678,0.4686020930081292,0.5143447212571685,0.54,106647.3,0.0420080526285633,0.63,10161.9,0.063525134514316,0.59,14391.28,0.3801220915999521,0.71,103629.47,383974,0.6115777370342783,5416262.01,4671627.25,799009.45,4813067.49,4147091.59,3213218.23,959391.99,1579691.68,1269170.42,1458409.02,56.63559287403114,59.24817755591578,0,25,34.63706772549466,0.277746149478871,0.26988668503596597,6890.305678466077,4739.259926253687,1.6307337092431329,-0.5940846620562747,-0.9579291345958143,-0.9973649493065532,
1,6001,13,638,0.6434364851707743,0.5143447212571685,0.54,106647.3,0.0420080526285633,0.63,10161.9,0.063525134514316,0.59,14391.28,0.3801220915999521,0.71,103629.47,383974,0.6115777370342783,5416262.01,4671627.25,799009.45,4813067.49,4147091.59,3213218.23,959391.99,1579691.68,1269170.42,1458409.02,56.63559287403114,59.24817755591578,0,13,34.63706772549466,0.277746149478871,0.26988668503596597,7322.299764890282,5036.3922100313475,1.6307337092431329,-0.5423420666547062,-0.9881928158364484,-0.9973649493065532,
1,6001,13,730,0.8600176158880926,0.5143447212571685,0.54,106647.3,0.0420080526285633,0.63,10161.9,0.063525134514316,0.59,14391.28,0.3801220915999521,0.71,103629.47,383974,0.6115777370342783,5416262.01,4671627.25,799009.45,4813067.49,4147091.59,3213218.23,959391.99,1579691.68,1269170.42,1458409.02,56.63559287403114,59.24817755591578,0,15,34.63706772549466,0.277746149478871,0.26988668503596597,6399.489383561644,4401.668808219178,1.6307337092431329,-0.47824443872406847,-0.9185863489829899,-0.9973649493065532,
1,6001,13,2495,0.597031334524928,0.5143447212571685,0.54,106647.3,0.0420080526285633,0.63,10161.9,0.063525134514316,0.59,14391.28,0.3801220915999521,0.71,103629.47,383974,0.6115777370342783,5416262.01,4671627.25,799009.45,4813067.49,4147091.59,3213218.23,959391.99,1579691.68,1269170.42,1458409.02,56.63559287403114,59.24817755591578,0,69,34.63706772549466,0.277746149478871,0.26988668503596597,1872.3956913827656,1287.8630180360722,1.6307337092431329,-0.5560757657554137,0.4167985857599914,-0.9973649493065532,
1,6001,13,1559,1.0081340833693535,0.5143447212571685,0.54,106647.3,0.0420080526285633,0.63,10161.9,0.063525134514316,0.59,14391.28,0.3801220915999521,0.71,103629.47,383974,0.6115777370342783,5416262.01,4671627.25,799009.45,4813067.49,4147091.59,3213218.23,959391.99,1579691.68,1269170.42,1458409.02,56.63559287403114,59.24817755591578,0,30,34.63706772549466,0.277746149478871,0.26988668503596597,2996.553720333547,2061.0764785118668,1.6307337092431329,-0.4344090676944208,-0.2913715552708474,-0.9973649493065532,
1,6001,13,2549,0.8804003493572461,0.5143447212571685,0.54,106647.3,0.0420080526285633,0.63,10161.9,0.063525134514316,0.59,14391.28,0.3801220915999521,0.71,103629.47,383974,0.6115777370342783,5416262.01,4671627.25,799009.45,4813067.49,4147091.59,3213218.23,959391.99,1579691.68,1269170.42,1458409.02,56.63559287403114,59.24817755591578,0,64,34.63706772549466,0.277746149478871,0.26988668503596597,1832.7294036877206,1260.5799254609651,1.6307337092431329,-0.4722121271289259,0.45765455543484745,-0.9973649493065532,
1,6001,13,286,0.3808762968719942,0.5143447212571685,0.54,106647.3,0.0420080526285633,0.63,10161.9,0.063525134514316,0.59,14391.28,0.3801220915999521,0.71,103629.47,383974,0.6115777370342783,5416262.01,4671627.25,799009.45,4813067.49,4147091.59,3213218.23,959391.99,1579691.68,1269170.42,1458409.02,56.63559287403114,59.24817755591578,0,9,34.63706772549466,0.277746149478871,0.26988668503596597,16334.361013986014,11235.028776223777,1.6307337092431329,-0.6200472905734937,-1.2545132107540289,-0.9973649493065532,
1,6001,13,1608,0.6959995267806336,0.5143447212571685,0.54,106647.3,0.0420080526285633,0.63,10161.9,0.063525134514316,0.59,14391.28,0.3801220915999521,0.71,103629.47,383974,0.6115777370342783,5416262.01,4671627.25,799009.45,4813067.49,4147091.59,3213218.23,959391.99,1579691.68,1269170.42,1458409.02,56.63559287403114,59.24817755591578,0,53,34.63706772549466,0.277746149478871,0.26988668503596597,2905.2408271144277,1998.2700435323384,1.6307337092431329,-0.5267859271477571,-0.2542985457510706,-0.9973649493065532,
1,6001,13,642,0.7759734665266634,0.5143447212571685,0.54,106647.3,0.0420080526285633,0.63,10161.9,0.063525134514316,0.59,14391.28,0.3801220915999521,0.71,103629.47,383974,0.6115777370342783,5416262.01,4671627.25,799009.45,4813067.49,4147091.59,3213218.23,959391.99,1579691.68,1269170.42,1458409.02,56.63559287403114,59.24817755591578,0,10,34.63706772549466,0.277746149478871,0.26988668503596597,7276.677959501558,5005.012819314642,1.6307337092431329,-0.5031174763597754,-0.9851664477123849,-0.9973649493065532,
1,6001,13,2184,1.107742131428714,0.5143447212571685,0.54,106647.3,0.0420080526285633,0.63,10161.9,0.063525134514316,0.59,14391.28,0.3801220915999521,0.71,103629.47,383974,0.6115777370342783,5416262.01,4671627.25,799009.45,4813067.49,4147091.59,3213218.23,959391.99,1579691.68,1269170.42,1458409.02,56.63559287403114,59.24817755591578,0,40,34.63706772549466,0.277746149478871,0.26988668503596597,2139.0234661172162,1471.2537683150183,1.6307337092431329,-0.40492986245498,0.18149846411406098,-0.9973649493065532,
1,6001,13,2337,1.0926888318898351,0.5143447212571685,0.54,106647.3,0.0420080526285633,0.63,10161.9,0.063525134514316,0.59,14391.28,0.3801220915999521,0.71,103629.47,383974,0.6115777370342783,5416262.01,4671627.25,799009.45,4813067.49,4147091.59,3213218.23,959391.99,1579691.68,1269170.42,1458409.02,56.63559287403114,59.24817755591578,0,33,34.63706772549466,0.277746149478871,0.26988668503596597,1998.984702610184,1374.932918271288,1.6307337092431329,-0.4093849171948634,0.29725704485948656,-0.9973649493065532,
1,6001,13,749,0.6350793965410341,0.5143447212571685,0.54,106647.3,0.0420080526285633,0.63,10161.9,0.063525134514316,0.59,14391.28,0.3801220915999521,0.71,103629.47,383974,0.6115777370342783,5416262.01,4671627.25,799009.45,4813067.49,4147091.59,3213218.23,959391.99,1579691.68,1269170.42,1458409.02,56.63559287403114,59.24817755591578,0,27,34.63706772549466,0.277746149478871,0.26988668503596597,6237.152536715621,4290.010987983978,1.6307337092431329,-0.5448153641012489,-0.9042111003936887,-0.9973649493065532,
1,6001,13,2069,0.9223377787480408,0.5143447212571685,0.54,106647.3,0.0420080526285633,0.63,10161.9,0.063525134514316,0.59,14391.28,0.3801220915999521,0.71,103629.47,383974,0.6115777370342783,5416262.01,4671627.25,799009.45,4813067.49,4147091.59,3213218.23,959391.99,1579691.68,1269170.42,1458409.02,56.63559287403114,59.24817755591578,0,41,34.63706772549466,0.277746149478871,0.26988668503596597,2257.915538907685,1553.0295940067665,1.6307337092431329,-0.459800659257484,0.09449038054723784,-0.9973649493065532,
1,6001,13,1901,0.8080753846442181,0.5143447212571685,0.54,106647.3,0.0420080526285633,0.63,10161.9,0.063525134514316,0.59,14391.28,0.3801220915999521,0.71,103629.47,383974,0.6115777370342783,5416262.01,4671627.25,799009.45,4813067.49,4147091.59,3213218.23,959391.99,1579691.68,1269170.42,1458409.02,56.63559287403114,59.24817755591578,0,64,34.63706772549466,0.277746149478871,0.26988668503596597,2457.457785376118,1690.277869542346,1.6307337092431329,-0.4936168481354059,-0.03261708066342554,-0.9973649493065532,
1,6001,13,1522,1.0991516414883955,0.5143447212571685,0.54,106647.3,0.0420080526285633,0.63,10161.9,0.063525134514316,0.59,14391.28,0.3801220915999521,0.71,103629.47,383974,0.6115777370342783,5416262.01,4671627.25,799009.45,4813067.49,4147091.59,3213218.23,959391.99,1579691.68,1269170.42,1458409.02,56.63559287403114,59.24817755591578,0,31,34.63706772549466,0.277746149478871,0.26988668503596597,3069.4002956636004,2111.181491458607,1.6307337092431329,-0.4074722354960327,-0.319365460418434,-0.9973649493065532,
1,6001,13,1794,1.1913153698355516,0.5143447212571685,0.54,106647.3,0.0420080526285633,0.63,10161.9,0.063525134514316,0.59,14391.28,0.3801220915999521,0.71,103629.47,383974,0.6115777370342783,5416262.01,4671627.25,799009.45,4813067.49,4147091.59,3213218.23,959391.99,1579691.68,1269170.42,1458409.02,56.63559287403114,59.24817755591578,0,36,34.63706772549466,0.277746149478871,0.26988668503596597,2604.0285674470456,1791.0915440356744,1.6307337092431329,-0.38019619187796316,-0.11357242798212186,-0.9973649493065532,
1,6001,13,1238,0.5677143863527809,0.5143447212571685,0.54,106647.3,0.0420080526285633,0.63,10161.9,0.063525134514316,0.59,14391.28,0.3801220915999521,0.71,103629.47,383974,0.6115777370342783,5416262.01,4671627.25,799009.45,4813067.49,4147091.59,3213218.23,959391.99,1579691.68,1269170.42,1458409.02,56.63559287403114,59.24817755591578,0,15,34.63706772549466,0.277746149478871,0.26988668503596597,3773.527665589661,2595.4913004846526,1.6307337092431329,-0.5647521764370661,-0.5342375972269363,-0.9973649493065532,
1,6001,13,1907,1.1364434001173946,0.5143447212571685,0.54,106647.3,0.0420080526285633,0.63,10161.9,0.063525134514316,0.59,14391.28,0.3801220915999521,0.71,103629.47,383974,0.6115777370342783,5416262.01,4671627.25,799009.45,4813067.49,4147091.59,3213218.23,959391.99,1579691.68,1269170.42,1458409.02,56.63559287403114,59.24817755591578,0,34,34.63706772549466,0.277746149478871,0.26988668503596597,2449.725878342947,1684.959743051914,1.6307337092431329,-0.39643566337377995,-0.028077528477330423,-0.9973649493065532,
1,6001,13,3183,0.7926515124999627,0.5143447212571685,0.54,106647.3,0.0420080526285633,0.63,10161.9,0.063525134514316,0.59,14391.28,0.3801220915999521,0.71,103629.47,383974,0.6115777370342783,5416262.01,4671627.25,799009.45,4813067.49,4147091.59,3213218.23,959391.99,1579691.68,1269170.42,1458409.02,56.63559287403114,59.24817755591578,0,57,34.63706772549466,0.277746149478871,0.26988668503596597,1467.6805686459315,1009.4936317939051,1.6307337092431329,-0.4981815745946217,0.9373339030988985,-0.9973649493065532,
1,6001,13,1051,0.5037131953762158,0.5143447212571685,0.54,106647.3,0.0420080526285633,0.63,10161.9,0.063525134514316,0.59,14391.28,0.3801220915999521,0.71,103629.47,383974,0.6115777370342783,5416262.01,4671627.25,799009.45,4813067.49,4147091.59,3213218.23,959391.99,1579691.68,1269170.42,1458409.02,56.63559287403114,59.24817755591578,0,32,34.63706772549466,0.277746149478871,0.26988668503596597,4444.935537583254,3057.2961274976215,1.6307337092431329,-0.5836934596077035,-0.6757203070269009,-0.9973649493065532,
1,6001,13,699,0.5712529296510884,0.5143447212571685,0.54,106647.3,0.0420080526285633,0.63,10161.9,0.063525134514316,0.59,14391.28,0.3801220915999521,0.71,103629.47,383974,0.6115777370342783,5416262.01,4671627.25,799009.45,4813067.49,4147091.59,3213218.23,959391.99,1579691.68,1269170.42,1458409.02,56.63559287403114,59.24817755591578,0,5,34.63706772549466,0.277746149478871,0.26988668503596597,6683.30078683834,4596.878726752503,1.6307337092431329,-0.5637049373216355,-0.9420407019444813,-0.9973649493065532,
1,6001,13,351,1.4393719905736435,0.5143447212571685,0.54,106647.3,0.0420080526285633,0.63,10161.9,0.063525134514316,0.59,14391.28,0.3801220915999521,0.71,103629.47,383974,0.6115777370342783,5416262.01,4671627.25,799009.45,4813067.49,4147091.59,3213218.23,959391.99,1579691.68,1269170.42,1458409.02,56.63559287403114,59.24817755591578,0,14,34.63706772549466,0.277746149478871,0.26988668503596597,13309.479344729345,9154.467891737891,1.6307337092431329,-0.306783328397469,-1.2053347287379983,-0.9973649493065532,
1,6001,13,3608,1.010247117485485,0.5143447212571685,0.54,106647.3,0.0420080526285633,0.63,10161.9,0.063525134514316,0.59,14391.28,0.3801220915999521,0.71,103629.47,383974,0.6115777370342783,5416262.01,4671627.25,799009.45,4813067.49,4147091.59,3213218.23,959391.99,1579691.68,1269170.42,1458409.02,56.63559287403114,59.24817755591578,0,93,34.63706772549466,0.277746149478871,0.26988668503596597,1294.7969096452327,890.5815493348115,1.6307337092431329,-0.433783710932583,1.2588855162806363,-0.9973649493065532,
1,6001,13,1528,0.8568642543845193,0.5143447212571685,0.54,106647.3,0.0420080526285633,0.63,10161.9,0.063525134514316,0.59,14391.28,0.3801220915999521,0.71,103629.47,383974,0.6115777370342783,5416262.01,4671627.25,799009.45,4813067.49,4147091.59,3213218.23,959391.99,1579691.68,1269170.42,1458409.02,56.63559287403114,59.24817755591578,0,38,34.63706772549466,0.277746149478871,0.26988668503596597,3057.347676701571,2102.891511780105,1.6307337092431329,-0.4791776825007419,-0.31482590823233886,-0.9973649493065532,
1,6001,13,580,1.3153723117422151,0.5143447212571685,0.54,106647.3,0.0420080526285633,0.63,10161.9,0.063525134514316,0.59,14391.28,0.3801220915999521,0.71,103629.47,383974,0.6115777370342783,5416262.01,4671627.25,799009.45,4813067.49,4147091.59,3213218.23,959391.99,1579691.68,1269170.42,1458409.02,56.63559287403114,59.24817755591578,0,15,34.63706772549466,0.277746149478871,0.26988668503596597,8054.5297413793105,5540.031431034483,1.6307337092431329,-0.3434812865756878,-1.0320751536353678,-0.9973649493065532,
1,6001,13,1424,1.3264517053039344,0.5143447212571685,0.54,106647.3,0.0420080526285633,0.63,10161.9,0.063525134514316,0.59,14391.28,0.3801220915999521,0.71,103629.47,383974,0.6115777370342783,5416262.01,4671627.25,799009.45,4813067.49,4147091.59,3213218.23,959391.99,1579691.68,1269170.42,1458409.02,56.63559287403114,59.24817755591578,0,26,34.63706772549466,0.277746149478871,0.26988668503596597,3280.637113764045,2256.4734761235954,1.6307337092431329,-0.3402023174251246,-0.39351147945798765,-0.9973649493065532,
1,6001,13,1414,0.8559830249327474,0.5143447212571685,0.54,106647.3,0.0420080526285633,0.63,10161.9,0.063525134514316,0.59,14391.28,0.3801220915999521,0.71,103629.47,383974,0.6115777370342783,5416262.01,4671627.25,799009.45,4813067.49,4147091.59,3213218.23,959391.99,1579691.68,1269170.42,1458409.02,56.63559287403114,59.24817755591578,0,19,34.63706772549466,0.277746149478871,0.26988668503596597,3303.838224893918,2272.4315629420084,1.6307337092431329,-0.47943848415661156,-0.40107739976814616,-0.9973649493065532,
1,6001,13,2017,0.8498989825202259,0.5143447212571685,0.54,106647.3,0.0420080526285633,0.63,10161.9,0.063525134514316,0.59,14391.28,0.3801220915999521,0.71,103629.47,383974,0.6115777370342783,5416262.01,4671627.25,799009.45,4813067.49,4147091.59,3213218.23,959391.99,1579691.68,1269170.42,1458409.02,56.63559287403114,59.24817755591578,0,55,34.63706772549466,0.277746149478871,0.26988668503596597,2316.126549330689,1593.0680366881506,1.6307337092431329,-0.4812390689332282,0.05514759493441346,-0.9973649493065532,
1,6001,13,3123,1.4636499831026115,0.5143447212571685,0.54,106647.3,0.0420080526285633,0.63,10161.9,0.063525134514316,0.59,14391.28,0.3801220915999521,0.71,103629.47,383974,0.6115777370342783,5416262.01,4671627.25,799009.45,4813067.49,4147091.59,3213218.23,959391.99,1579691.68,1269170.42,1458409.02,56.63559287403114,59.24817755591578,0,69,34.63706772549466,0.277746149478871,0.26988668503596597,1495.8780819724623,1028.8883221261608,1.6307337092431329,-0.29959820692880473,0.8919383812379473,-0.9973649493065532,
1,6001,13,2633,1.860546733563236,0.5143447212571685,0.54,106647.3,0.0420080526285633,0.63,10161.9,0.063525134514316,0.59,14391.28,0.3801220915999521,0.71,103629.47,383974,0.6115777370342783,5416262.01,4671627.25,799009.45,4813067.49,4147091.59,3213218.23,959391.99,1579691.68,1269170.42,1458409.02,56.63559287403114,59.24817755591578,0,64,34.63706772549466,0.277746149478871,0.26988668503596597,1774.2602544625902,1220.3639308773263,1.6307337092431329,-0.18213580310051936,0.5212082860401791,-0.9973649493065532,
1,6001,13,2353,1.3106133426401756,0.5143447212571685,0.54,106647.3,0.0420080526285633,0.63,10161.9,0.063525134514316,0.59,14391.28,0.3801220915999521,0.71,103629.47,383974,0.6115777370342783,5416262.01,4671627.25,799009.45,4813067.49,4147091.59,3213218.23,959391.99,1579691.68,1269170.42,1458409.02,56.63559287403114,59.24817755591578,0,67,34.63706772549466,0.277746149478871,0.26988668503596597,1985.3919464513388,1365.583608159796,1.6307337092431329,-0.3448897132000463,0.3093625173557402,-0.9973649493065532,
1,6001,13,1398,1.518891473333888,0.5143447212571685,0.54,106647.3,0.0420080526285633,0.63,10161.9,0.063525134514316,0.59,14391.28,0.3801220915999521,0.71,103629.47,383974,0.6115777370342783,5416262.01,4671627.25,799009.45,4813067.49,4147091.59,3213218.23,959391.99,1579691.68,1269170.42,1458409.02,56.63559287403114,59.24817755591578,0,25,34.63706772549466,0.277746149478871,0.26988668503596597,3341.65039341917,2298.4393633762515,1.6307337092431329,-0.28324937508250764,-0.4131828722643998,-0.9973649493065532,
1,6001,13,783,1.0819744392440538,0.5143447212571685,0.54,106647.3,0.0420080526285633,0.63,10161.9,0.063525134514316,0.59,14391.28,0.3801220915999521,0.71,103629.47,383974,0.6115777370342783,5416262.01,4671627.25,799009.45,4813067.49,4147091.59,3213218.23,959391.99,1579691.68,1269170.42,1458409.02,56.63559287403114,59.24817755591578,0,13,34.63706772549466,0.277746149478871,0.26988668503596597,5966.318326947638,4103.726985951469,1.6307337092431329,-0.41255586357896196,-0.8784869713391497,-0.9973649493065532,
1,6001,13,2204,0.9686001005648708,0.5143447212571685,0.54,106647.3,0.0420080526285633,0.63,10161.9,0.063525134514316,0.59,14391.28,0.3801220915999521,0.71,103629.47,383974,0.6115777370342783,5416262.01,4671627.25,799009.45,4813067.49,4147091.59,3213218.23,959391.99,1579691.68,1269170.42,1458409.02,56.63559287403114,59.24817755591578,0,46,34.63706772549466,0.277746149478871,0.26988668503596597,2119.6130898366605,1457.9030081669691,1.6307337092431329,-0.4461092306404042,0.19663030473437804,-0.9973649493065532,
1,6001,13,2747,0.8917314564667276,0.5143447212571685,0.54,106647.3,0.0420080526285633,0.63,10161.9,0.063525134514316,0.59,14391.28,0.3801220915999521,0.71,103629.47,383974,0.6115777370342783,5416262.01,4671627.25,799009.45,4813067.49,4147091.59,3213218.23,959391.99,1579691.68,1269170.42,1458409.02,56.63559287403114,59.24817755591578,0,64,34.63706772549466,0.277746149478871,0.26988668503596597,1700.62877684747,1169.7190498725884,1.6307337092431329,-0.4688586628398614,0.6074597775759865,-0.9973649493065532,
1,6001,13,2272,1.8838555345914452,0.5143447212571685,0.54,106647.3,0.0420080526285633,0.63,10161.9,0.063525134514316,0.59,14391.28,0.3801220915999521,0.71,103629.47,383974,0.6115777370342783,5416262.01,4671627.25,799009.45,4813067.49,4147091.59,3213218.23,959391.99,1579691.68,1269170.42,1458409.02,56.63559287403114,59.24817755591578,0,40,34.63706772549466,0.277746149478871,0.26988668503596597,2056.1739656690143,1414.2685871478873,1.6307337092431329,-0.17523751583575556,0.24807856284345609,-0.9973649493065532,
1,6001,13,3471,1.8782853869069616,0.5143447212571685,0.54,106647.3,0.0420080526285633,0.63,10161.9,0.063525134514316,0.59,14391.28,0.3801220915999521,0.71,103629.47,383974,0.6115777370342783,5416262.01,4671627.25,799009.45,4813067.49,4147091.59,3213218.23,959391.99,1579691.68,1269170.42,1458409.02,56.63559287403114,59.24817755591578,0,108,34.63706772549466,0.277746149478871,0.26988668503596597,1345.9024056467877,925.73270815327,1.6307337092431329,-0.17688601241815052,1.1552324080314642,-0.9973649493065532,
1,6001,13,2008,1.1520257578441389,0.5143447212571685,0.54,106647.3,0.0420080526285633,0.63,10161.9,0.063525134514316,0.59,14391.28,0.3801220915999521,0.71,103629.47,383974,0.6115777370342783,5416262.01,4671627.25,799009.45,4813067.49,4147091.59,3213218.23,959391.99,1579691.68,1269170.42,1458409.02,56.63559287403114,59.24817755591578,0,48,34.63706772549466,0.277746149478871,0.26988668503596597,2326.507594621514,1600.20828187251,1.6307337092431329,-0.39182403278277256,0.04833826665527077,-0.9973649493065532,
1,6001,13,3340,1.623379863855002,0.5143447212571685,0.54,106647.3,0.0420080526285633,0.63,10161.9,0.063525134514316,0.59,14391.28,0.3801220915999521,0.71,103629.47,383974,0.6115777370342783,5416262.01,4671627.25,799009.45,4813067.49,4147091.59,3213218.23,959391.99,1579691.68,1269170.42,1458409.02,56.63559287403114,59.24817755591578,0,41,34.63706772549466,0.277746149478871,0.26988668503596597,1398.6907934131737,962.0413862275449,1.6307337092431329,-0.2523258225250364,1.0561188519683875,-0.9973649493065532,
1,6001,13,2195,1.6469208654944365,0.5143447212571685,0.54,106647.3,0.0420080526285633,0.63,10161.9,0.063525134514316,0.59,14391.28,0.3801220915999521,0.71,103629.47,383974,0.6115777370342783,5416262.01,4671627.25,799009.45,4813067.49,4147091.59,3213218.23,959391.99,1579691.68,1269170.42,1458409.02,56.63559287403114,59.24817755591578,0,49,34.63706772549466,0.277746149478871,0.26988668503596597,2128.303986332574,1463.880742596811,1.6307337092431329,-0.24535881501518803,0.18982097645523535,-0.9973649493065532,
1,6001,13,2775,1.2927901025355906,0.5143447212571685,0.54,106647.3,0.0420080526285633,0.63,10161.9,0.063525134514316,0.59,14391.28,0.3801220915999521,0.71,103629.47,383974,0.6115777370342783,5416262.01,4671627.25,799009.45,4813067.49,4147091.59,3213218.23,959391.99,1579691.68,1269170.42,1458409.02,56.63559287403114,59.24817755591578,0,69,34.63706772549466,0.277746149478871,0.26988668503596597,1683.4692792792794,1157.9164792792792,1.6307337092431329,-0.35016453750703175,0.6286443544444303,-0.9973649493065532,
1,6001,13,1912,1.2048796019835026,0.5143447212571685,0.54,106647.3,0.0420080526285633,0.63,10161.9,0.063525134514316,0.59,14391.28,0.3801220915999521,0.71,103629.47,383974,0.6115777370342783,5416262.01,4671627.25,799009.45,4813067.49,4147091.59,3213218.23,959391.99,1579691.68,1269170.42,1458409.02,56.63559287403114,59.24817755591578,0,32,34.63706772549466,0.277746149478871,0.26988668503596597,2443.319691422594,1680.5534675732217,1.6307337092431329,-0.37618182967334923,-0.024294568322251155,-0.9973649493065532,
1,6001,13,2576,1.0497237011749505,0.5143447212571685,0.54,106647.3,0.0420080526285633,0.63,10161.9,0.063525134514316,0.59,14391.28,0.3801220915999521,0.71,103629.47,383974,0.6115777370342783,5416262.01,4671627.25,799009.45,4813067.49,4147091.59,3213218.23,959391.99,1579691.68,1269170.42,1458409.02,56.63559287403114,59.24817755591578,0,44,34.63706772549466,0.277746149478871,0.26988668503596597,1813.5198951863354,1247.367325310559,1.6307337092431329,-0.4221005353719075,0.47808254027227554,-0.9973649493065532,
1,6001,13,2342,1.7644141872700658,0.5143447212571685,0.54,106647.3,0.0420080526285633,0.63,10161.9,0.063525134514316,0.59,14391.28,0.3801220915999521,0.71,103629.47,383974,0.6115777370342783,5416262.01,4671627.25,799009.45,4813067.49,4147091.59,3213218.23,959391.99,1579691.68,1269170.42,1458409.02,56.63559287403114,59.24817755591578,0,39,34.63706772549466,0.277746149478871,0.26988668503596597,1994.7170153714774,1371.997536293766,1.6307337092431329,-0.21058642649470094,0.3010400050145658,-0.9973649493065532,
1,6001,13,3168,1.849808208310684,0.5143447212571685,0.54,106647.3,0.0420080526285633,0.63,10161.9,0.063525134514316,0.59,14391.28,0.3801220915999521,0.71,103629.47,383974,0.6115777370342783,5416262.01,4671627.25,799009.45,4813067.49,4147091.59,3213218.23,959391.99,1579691.68,1269170.42,1458409.02,56.63559287403114,59.24817755591578,0,64,34.63706772549466,0.277746149478871,0.26988668503596597,1474.6298137626263,1014.2734311868687,1.6307337092431329,-0.1853138915788745,0.9259850226336608,-0.9973649493065532,
1,6001,13,815,1.2965341301142743,0.5143447212571685,0.54,106647.3,0.0420080526285633,0.63,10161.9,0.063525134514316,0.59,14391.28,0.3801220915999521,0.71,103629.47,383974,0.6115777370342783,5416262.01,4671627.25,799009.45,4813067.49,4147091.59,3213218.23,959391.99,1579691.68,1269170.42,1458409.02,56.63559287403114,59.24817755591578,0,12,34.63706772549466,0.277746149478871,0.26988668503596597,5732.057975460123,3942.599055214724,1.6307337092431329,-0.34905648489919056,-0.8542760263466423,-0.9973649493065532,
1,6001,13,3357,1.528430611219432,0.5143447212571685,0.54,106647.3,0.0420080526285633,0.63,10161.9,0.063525134514316,0.59,14391.28,0.3801220915999521,0.71,103629.47,383974,0.6115777370342783,5416262.01,4671627.25,799009.45,4813067.49,4147091.59,3213218.23,959391.99,1579691.68,1269170.42,1458409.02,56.63559287403114,59.24817755591578,0,69,34.63706772549466,0.277746149478871,0.26988668503596597,1391.6077599046769,957.1695650878761,1.6307337092431329,-0.28042624774476793,1.068980916495657,-0.9973649493065532,
1,6001,13,484,0.8078282368798289,0.5143447212571685,0.54,106647.3,0.0420080526285633,0.63,10161.9,0.063525134514316,0.59,14391.28,0.3801220915999521,0.71,103629.47,383974,0.6115777370342783,5416262.01,4671627.25,799009.45,4813067.49,4147091.59,3213218.23,959391.99,1579691.68,1269170.42,1458409.02,56.63559287403114,59.24817755591578,0,7,34.63706772549466,0.277746149478871,0.26988668503596597,9652.122417355371,6638.880640495868,1.6307337092431329,-0.49368999202099395,-1.1047079886128899,-0.9973649493065532,
1,6001,13,2770,1.9064202760124584,0.5143447212571685,0.54,106647.3,0.0420080526285633,0.63,10161.9,0.063525134514316,0.59,14391.28,0.3801220915999521,0.71,103629.47,383974,0.6115777370342783,5416262.01,4671627.25,799009.45,4813067.49,4147091.59,3213218.23,959391.99,1579691.68,1269170.42,1458409.02,56.63559287403114,59.24817755591578,0,59,34.63706772549466,0.277746149478871,0.26988668503596597,1686.5080324909748,1160.0065812274368,1.6307337092431329,-0.1685594345312354,0.6248613942893511,-0.9973649493065532,
1,6001,13,548,0.8224773681721724,0.5143447212571685,0.54,106647.3,0.0420080526285633,0.63,10161.9,0.063525134514316,0.59,14391.28,0.3801220915999521,0.71,103629.47,383974,0.6115777370342783,5416262.01,4671627.25,799009.45,4813067.49,4147091.59,3213218.23,959391.99,1579691.68,1269170.42,1458409.02,56.63559287403114,59.24817755591578,0,7,34.63706772549466,0.277746149478871,0.26988668503596597,8524.867244525547,5863.536916058394,1.6307337092431329,-0.48935455169905173,-1.0562860986278753,-0.9973649493065532,
1,6001,13,3559,1.9858335065585704,0.5143447212571685,0.54,106647.3,0.0420080526285633,0.63,10161.9,0.063525134514316,0.59,14391.28,0.3801220915999521,0.71,103629.47,383974,0.6115777370342783,5416262.01,4671627.25,799009.45,4813067.49,4147091.59,3213218.23,959391.99,1579691.68,1269170.42,1458409.02,56.63559287403114,59.24817755591578,0,63,34.63706772549466,0.277746149478871,0.26988668503596597,1312.623559988761,902.8429980331554,1.6307337092431329,-0.14505692677603133,1.2218125067608594,-0.9973649493065532,
1,6001,13,3766,1.941364258626816,0.5143447212571685,0.54,106647.3,0.0420080526285633,0.63,10161.9,0.063525134514316,0.59,14391.28,0.3801220915999521,0.71,103629.47,383974,0.6115777370342783,5416262.01,4671627.25,799009.45,4813067.49,4147091.59,3213218.23,959391.99,1579691.68,1269170.42,1458409.02,56.63559287403114,59.24817755591578,0,63,34.63706772549466,0.277746149478871,0.26988668503596597,1240.4745751460434,853.2177987254381,1.6307337092431329,-0.1582176915150666,1.378427057181141,-0.9973649493065532,
1,6001,13,3238,2.050944627825623,0.5143447212571685,0.54,106647.3,0.0420080526285633,0.63,10161.9,0.063525134514316,0.59,14391.28,0.3801220915999521,0.71,103629.47,383974,0.6115777370342783,5416262.01,4671627.25,799009.45,4813067.49,4147091.59,3213218.23,959391.99,1579691.68,1269170.42,1458409.02,56.63559287403114,59.24817755591578,0,85,34.63706772549466,0.277746149478871,0.26988668503596597,1442.750849289685,992.3465812229772,1.6307337092431329,-0.12578715746926108,0.9789464648047704,-0.9973649493065532,
1,6001,13,2964,2.264700503860374,0.5143447212571685,0.54,106647.3,0.0420080526285633,0.63,10161.9,0.063525134514316,0.59,14391.28,0.3801220915999521,0.71,103629.47,383974,0.6115777370342783,5416262.01,4671627.25,799009.45,4813067.49,4147091.59,3213218.23,959391.99,1579691.68,1269170.42,1458409.02,56.63559287403114,59.24817755591578,0,61,34.63706772549466,0.277746149478871,0.26988668503596597,1576.1225539811066,1084.0817240215924,1.6307337092431329,-0.06252566943157112,0.7716402483064266,-0.9973649493065532,
1,6001,13,1237,1.6918385823849786,0.5143447212571685,0.54,106647.3,0.0420080526285633,0.63,10161.9,0.063525134514316,0.59,14391.28,0.3801220915999521,0.71,103629.47,383974,0.6115777370342783,5416262.01,4671627.25,799009.45,4813067.49,4147091.59,3213218.23,959391.99,1579691.68,1269170.42,1458409.02,56.63559287403114,59.24817755591578,0,16,34.63706772549466,0.277746149478871,0.26988668503596597,3776.5782134195633,2597.5895149555377,1.6307337092431329,-0.23206532497195095,-0.5349941892579522,-0.9973649493065532,
1,6001,13,2796,1.5739849221549598,0.5143447212571685,0.54,106647.3,0.0420080526285633,0.63,10161.9,0.063525134514316,0.59,14391.28,0.3801220915999521,0.71,103629.47,383974,0.6115777370342783,5416262.01,4671627.25,799009.45,4813067.49,4147091.59,3213218.23,959391.99,1579691.68,1269170.42,1458409.02,56.63559287403114,59.24817755591578,0,37,34.63706772549466,0.277746149478871,0.26988668503596597,1670.825196709585,1149.2196816881258,1.6307337092431329,-0.266944356393886,0.6445327870957632,-0.9973649493065532,
1,6001,13,2582,1.7199534833334122,0.5143447212571685,0.54,106647.3,0.0420080526285633,0.63,10161.9,0.063525134514316,0.59,14391.28,0.3801220915999521,0.71,103629.47,383974,0.6115777370342783,5416262.01,4671627.25,799009.45,4813067.49,4147091.59,3213218.23,959391.99,1579691.68,1269170.42,1458409.02,56.63559287403114,59.24817755591578,0,60,34.63706772549466,0.277746149478871,0.26988668503596597,1809.3056738962046,1244.4687180480248,1.6307337092431329,-0.2237446626209379,0.4826220924583706,-0.9973649493065532,
1,6001,13,3051,1.352680840936233,0.5143447212571685,0.54,106647.3,0.0420080526285633,0.63,10161.9,0.063525134514316,0.59,14391.28,0.3801220915999521,0.71,103629.47,383974,0.6115777370342783,5416262.01,4671627.25,799009.45,4813067.49,4147091.59,3213218.23,959391.99,1579691.68,1269170.42,1458409.02,56.63559287403114,59.24817755591578,0,90,34.63706772549466,0.277746149478871,0.26988668503596597,1531.1790396591282,1053.1688725008194,1.6307337092431329,-0.3324397511704695,0.8374637550048059,-0.9973649493065532,
1,6001,13,1366,1.9194781612317555,0.5143447212571685,0.54,106647.3,0.0420080526285633,0.63,10161.9,0.063525134514316,0.59,14391.28,0.3801220915999521,0.71,103629.47,383974,0.6115777370342783,5416262.01,4671627.25,799009.45,4813067.49,4147091.59,3213218.23,959391.99,1579691.68,1269170.42,1458409.02,56.63559287403114,59.24817755591578,0,59,34.63706772549466,0.277746149478871,0.26988668503596597,3419.93210102489,2352.2827452415813,1.6307337092431329,-0.16469492673420158,-0.4373938172569071,-0.9973649493065532,
1,6001,13,2802,1.757691777940123,0.5143447212571685,0.54,106647.3,0.0420080526285633,0.63,10161.9,0.063525134514316,0.59,14391.28,0.3801220915999521,0.71,103629.47,383974,0.6115777370342783,5416262.01,4671627.25,799009.45,4813067.49,4147091.59,3213218.23,959391.99,1579691.68,1269170.42,1458409.02,56.63559287403114,59.24817755591578,0,72,34.63706772549466,0.277746149478871,0.26988668503596597,1667.2474125624553,1146.7588258386866,1.6307337092431329,-0.21257593726418028,0.6490723392818584,-0.9973649493065532,
1,6001,13,3655,1.8731505874903631,0.5143447212571685,0.54,106647.3,0.0420080526285633,0.63,10161.9,0.063525134514316,0.59,14391.28,0.3801220915999521,0.71,103629.47,383974,0.6115777370342783,5416262.01,4671627.25,799009.45,4813067.49,4147091.59,3213218.23,959391.99,1579691.68,1269170.42,1458409.02,56.63559287403114,59.24817755591578,0,86,34.63706772549466,0.277746149478871,0.26988668503596597,1278.1469904240766,879.1294746922025,1.6307337092431329,-0.17840566679161096,1.2944453417383814,-0.9973649493065532,
1,6001,13,1251,1.241935056639876,0.5143447212571685,0.54,106647.3,0.0420080526285633,0.63,10161.9,0.063525134514316,0.59,14391.28,0.3801220915999521,0.71,103629.47,383974,0.6115777370342783,5416262.01,4671627.25,799009.45,4813067.49,4147091.59,3213218.23,959391.99,1579691.68,1269170.42,1458409.02,56.63559287403114,59.24817755591578,0,39,34.63706772549466,0.277746149478871,0.26988668503596597,3734.314348521183,2568.5197681854515,1.6307337092431329,-0.36521519219436727,-0.5244019008237303,-0.9973649493065532,
1,6001,13,2506,1.588832143970567,0.5143447212571685,0.54,106647.3,0.0420080526285633,0.63,10161.9,0.063525134514316,0.59,14391.28,0.3801220915999521,0.71,103629.47,383974,0.6115777370342783,5416262.01,4671627.25,799009.45,4813067.49,4147091.59,3213218.23,959391.99,1579691.68,1269170.42,1458409.02,56.63559287403114,59.24817755591578,0,78,34.63706772549466,0.277746149478871,0.26988668503596597,1864.176875498803,1282.209988028731,1.6307337092431329,-0.2625502907770499,0.4251210981011658,-0.9973649493065532,
1,6001,13,1013,0.9915076184091308,0.5143447212571685,0.54,106647.3,0.0420080526285633,0.63,10161.9,0.063525134514316,0.59,14391.28,0.3801220915999521,0.71,103629.47,383974,0.6115777370342783,5416262.01,4671627.25,799009.45,4813067.49,4147091.59,3213218.23,959391.99,1579691.68,1269170.42,1458409.02,56.63559287403114,59.24817755591578,0,14,34.63706772549466,0.277746149478871,0.26988668503596597,4611.675468904245,3171.9824580454097,1.6307337092431329,-0.4393297039534174,-0.7044708042055033,-0.9973649493065532,
1,6001,13,2597,2.6402913617476806,0.5143447212571685,0.54,106647.3,0.0420080526285633,0.63,10161.9,0.063525134514316,0.59,14391.28,0.3801220915999521,0.71,103629.47,383974,0.6115777370342783,5416262.01,4671627.25,799009.45,4813067.49,4147091.59,3213218.23,959391.99,1579691.68,1269170.42,1458409.02,56.63559287403114,59.24817755591578,0,44,34.63706772549466,0.277746149478871,0.26988668503596597,1798.8553138236427,1237.2807970735464,1.6307337092431329,0.04863121197944924,0.4939709729236084,-0.9973649493065532,
1,6001,13,3080,1.6056475924976603,0.5143447212571685,0.54,106647.3,0.0420080526285633,0.63,10161.9,0.063525134514316,0.59,14391.28,0.3801220915999521,0.71,103629.47,383974,0.6115777370342783,5416262.01,4671627.25,799009.45,4813067.49,4147091.59,3213218.23,959391.99,1579691.68,1269170.42,1458409.02,56.63559287403114,59.24817755591578,0,74,34.63706772549466,0.277746149478871,0.26988668503596597,1516.7620941558441,1043.2526720779222,1.6307337092431329,-0.25757372444550186,0.8594049239042656,-0.9973649493065532,
1,6001,13,2220,1.6326088520735995,0.5143447212571685,0.54,106647.3,0.0420080526285633,0.63,10161.9,0.063525134514316,0.59,14391.28,0.3801220915999521,0.71,103629.47,383974,0.6115777370342783,5416262.01,4671627.25,799009.45,4813067.49,4147091.59,3213218.23,959391.99,1579691.68,1269170.42,1458409.02,56.63559287403114,59.24817755591578,0,42,34.63706772549466,0.277746149478871,0.26988668503596597,2104.336599099099,1447.3955990990992,1.6307337092431329,-0.24959448461460687,0.2087357772306317,-0.9973649493065532,
1,6001,13,3988,1.7560257450760952,0.5143447212571685,0.54,106647.3,0.0420080526285633,0.63,10161.9,0.063525134514316,0.59,14391.28,0.3801220915999521,0.71,103629.47,383974,0.6115777370342783,5416262.01,4671627.25,799009.45,4813067.49,4147091.59,3213218.23,959391.99,1579691.68,1269170.42,1458409.02,56.63559287403114,59.24817755591578,0,80,34.63706772549466,0.277746149478871,0.26988668503596597,1171.4210757271815,805.721722668004,1.6307337092431329,-0.21306900309260673,1.5463904880666606,-0.9973649493065532,
1,6001,13,3994,1.802471200418548,0.5143447212571685,0.54,106647.3,0.0420080526285633,0.63,10161.9,0.063525134514316,0.59,14391.28,0.3801220915999521,0.71,103629.47,383974,0.6115777370342783,5416262.01,4671627.25,799009.45,4813067.49,4147091.59,3213218.23,959391.99,1579691.68,1269170.42,1458409.02,56.63559287403114,59.24817755591578,0,98,34.63706772549466,0.277746149478871,0.26988668503596597,1169.661304456685,804.5113244867301,1.6307337092431329,-0.19932337573462963,1.5509300402527555,-0.9973649493065532,
1,6001,13,3320,2.04838029869171,0.5143447212571685,0.54,106647.3,0.0420080526285633,0.63,10161.9,0.063525134514316,0.59,14391.28,0.3801220915999521,0.71,103629.47,383974,0.6115777370342783,5416262.01,4671627.25,799009.45,4813067.49,4147091.59,3213218.23,959391.99,1579691.68,1269170.42,1458409.02,56.63559287403114,59.24817755591578,0,68,34.63706772549466,0.277746149478871,0.26988668503596597,1407.1166415662651,967.8368162650602,1.6307337092431329,-0.12654607591323108,1.0409870113480704,-0.9973649493065532,
1,6001,13,1755,2.11539976366996,0.5143447212571685,0.54,106647.3,0.0420080526285633,0.63,10161.9,0.063525134514316,0.59,14391.28,0.3801220915999521,0.71,103629.47,383974,0.6115777370342783,5416262.01,4671627.25,799009.45,4813067.49,4147091.59,3213218.23,959391.99,1579691.68,1269170.42,1458409.02,56.63559287403114,59.24817755591578,0,25,34.63706772549466,0.277746149478871,0.26988668503596597,2661.895868945869,1830.8935783475783,1.6307337092431329,-0.10671152838797525,-0.14307951719174014,-0.9973649493065532,
1,6001,13,3539,1.6953361685869834,0.5143447212571685,0.54,106647.3,0.0420080526285633,0.63,10161.9,0.063525134514316,0.59,14391.28,0.3801220915999521,0.71,103629.47,383974,0.6115777370342783,5416262.01,4671627.25,799009.45,4813067.49,4147091.59,3213218.23,959391.99,1579691.68,1269170.42,1458409.02,56.63559287403114,59.24817755591578,0,83,34.63706772549466,0.277746149478871,0.26988668503596597,1320.0416077988132,907.9452472449844,1.6307337092431329,-0.23103020719281236,1.2066806661405423,-0.9973649493065532,
1,6001,13,2924,2.106976420908435,0.5143447212571685,0.54,106647.3,0.0420080526285633,0.63,10161.9,0.063525134514316,0.59,14391.28,0.3801220915999521,0.71,103629.47,383974,0.6115777370342783,5416262.01,4671627.25,799009.45,4813067.49,4147091.59,3213218.23,959391.99,1579691.68,1269170.42,1458409.02,56.63559287403114,59.24817755591578,0,42,34.63706772549466,0.277746149478871,0.26988668503596597,1597.6837380300958,1098.9118433652532,1.6307337092431329,-0.10920443388012156,0.7413765670657925,-0.9973649493065532,
1,6001,13,1359,2.3927871497024387,0.5143447212571685,0.54,106647.3,0.0420080526285633,0.63,10161.9,0.063525134514316,0.59,14391.28,0.3801220915999521,0.71,103629.47,383974,0.6115777370342783,5416262.01,4671627.25,799009.45,4813067.49,4147091.59,3213218.23,959391.99,1579691.68,1269170.42,1458409.02,56.63559287403114,59.24817755591578,0,29,34.63706772549466,0.277746149478871,0.26988668503596597,3437.547645327447,2364.398991905813,1.6307337092431329,-0.024618165020285146,-0.44268996147401807,-0.9973649493065532,
1,6001,13,4068,3.0624832698927404,0.5143447212571685,0.54,106647.3,0.0420080526285633,0.63,10161.9,0.063525134514316,0.59,14391.28,0.3801220915999521,0.71,103629.47,383974,0.6115777370342783,5416262.01,4671627.25,799009.45,4813067.49,4147091.59,3213218.23,959391.99,1579691.68,1269170.42,1458409.02,56.63559287403114,59.24817755591578,0,76,34.63706772549466,0.277746149478871,0.26988668503596597,1148.384279744346,789.8766543756145,1.6307337092431329,0.17357976938138064,1.6069178505479287,-0.9973649493065532,
1,6001,13,3007,2.065169165071023,0.5143447212571685,0.54,106647.3,0.0420080526285633,0.63,10161.9,0.063525134514316,0.59,14391.28,0.3801220915999521,0.71,103629.47,383974,0.6115777370342783,5416262.01,4671627.25,799009.45,4813067.49,4147091.59,3213218.23,959391.99,1579691.68,1269170.42,1458409.02,56.63559287403114,59.24817755591578,0,105,34.63706772549466,0.277746149478871,0.26988668503596597,1553.5840538742932,1068.5793914200199,1.6307337092431329,-0.12157737662260373,0.8041737056401084,-0.9973649493065532,
1,6001,13,3513,1.7171065120187765,0.5143447212571685,0.54,106647.3,0.0420080526285633,0.63,10161.9,0.063525134514316,0.59,14391.28,0.3801220915999521,0.71,103629.47,383974,0.6115777370342783,5416262.01,4671627.25,799009.45,4813067.49,4147091.59,3213218.23,959391.99,1579691.68,1269170.42,1458409.02,56.63559287403114,59.24817755591578,0,77,34.63706772549466,0.277746149478871,0.26988668503596597,1329.8113435809848,914.665024195844,1.6307337092431329,-0.22458722959549532,1.1870092733341302,-0.9973649493065532,
1,6001,13,1951,1.6109442787769106,0.5143447212571685,0.54,106647.3,0.0420080526285633,0.63,10161.9,0.063525134514316,0.59,14391.28,0.3801220915999521,0.71,103629.47,383974,0.6115777370342783,5416262.01,4671627.25,799009.45,4813067.49,4147091.59,3213218.23,959391.99,1579691.68,1269170.42,1458409.02,56.63559287403114,59.24817755591578,0,56,34.63706772549466,0.277746149478871,0.26988668503596597,2394.4783444387494,1646.959625832906,1.6307337092431329,-0.25600615932443954,0.005212520887367129,-0.9973649493065532,
1,6001,13,2903,2.695451812980275,0.5143447212571685,0.54,106647.3,0.0420080526285633,0.63,10161.9,0.063525134514316,0.59,14391.28,0.3801220915999521,0.71,103629.47,383974,0.6115777370342783,5416262.01,4671627.25,799009.45,4813067.49,4147091.59,3213218.23,959391.99,1579691.68,1269170.42,1458409.02,56.63559287403114,59.24817755591578,0,50,34.63706772549466,0.277746149478871,0.26988668503596597,1609.2412159834653,1106.8612573200137,1.6307337092431329,0.06495606016859114,0.7254881344144596,-0.9973649493065532,
1,6001,13,2772,3.943278707023409,0.5143447212571685,0.54,106647.3,0.0420080526285633,0.63,10161.9,0.063525134514316,0.59,14391.28,0.3801220915999521,0.71,103629.47,383974,0.6115777370342783,5416262.01,4671627.25,799009.45,4813067.49,4147091.59,3213218.23,959391.99,1579691.68,1269170.42,1458409.02,56.63559287403114,59.24817755591578,0,54,34.63706772549466,0.277746149478871,0.26988668503596597,1685.2912157287158,1159.1696356421357,1.6307337092431329,0.434252977731616,0.6263745783513828,-0.9973649493065532,
1,6001,13,1412,1.5726773151154072,0.5143447212571685,0.54,106647.3,0.0420080526285633,0.63,10161.9,0.063525134514316,0.59,14391.28,0.3801220915999521,0.71,103629.47,383974,0.6115777370342783,5416262.01,4671627.25,799009.45,4813067.49,4147091.59,3213218.23,959391.99,1579691.68,1269170.42,1458409.02,56.63559287403114,59.24817755591578,0,33,34.63706772549466,0.277746149478871,0.26988668503596597,3308.5178824362606,2275.650304532578,1.6307337092431329,-0.26733134536759356,-0.4025905838301779,-0.9973649493065532,
1,6001,13,2050,2.6315368076594536,0.5143447212571685,0.54,106647.3,0.0420080526285633,0.63,10161.9,0.063525134514316,0.59,14391.28,0.3801220915999521,0.71,103629.47,383974,0.6115777370342783,5416262.01,4671627.25,799009.45,4813067.49,4147091.59,3213218.23,959391.99,1579691.68,1269170.42,1458409.02,56.63559287403114,59.24817755591578,0,38,34.63706772549466,0.277746149478871,0.26988668503596597,2278.8425609756096,1567.4235268292682,1.6307337092431329,0.04604028381877662,0.08011513195793661,-0.9973649493065532,
1,6001,13,4221,2.166073432104124,0.5143447212571685,0.54,106647.3,0.0420080526285633,0.63,10161.9,0.063525134514316,0.59,14391.28,0.3801220915999521,0.71,103629.47,383974,0.6115777370342783,5416262.01,4671627.25,799009.45,4813067.49,4147091.59,3213218.23,959391.99,1579691.68,1269170.42,1458409.02,56.63559287403114,59.24817755591578,0,86,34.63706772549466,0.277746149478871,0.26988668503596597,1106.758410329306,761.2457308694622,1.6307337092431329,-0.09171455273078882,1.7226764312933542,-0.9973649493065532,
1,6001,13,2965,1.215831131471677,0.5143447212571685,0.54,106647.3,0.0420080526285633,0.63,10161.9,0.063525134514316,0.59,14391.28,0.3801220915999521,0.71,103629.47,383974,0.6115777370342783,5416262.01,4671627.25,799009.45,4813067.49,4147091.59,3213218.23,959391.99,1579691.68,1269170.42,1458409.02,56.63559287403114,59.24817755591578,0,92,34.63706772549466,0.277746149478871,0.26988668503596597,1575.5909780775717,1083.7160978077573,1.6307337092431329,-0.3729407021564714,0.7723968403374425,-0.9973649493065532,
1,6001,13,3541,2.484619835212021,0.5143447212571685,0.54,106647.3,0.0420080526285633,0.63,10161.9,0.063525134514316,0.59,14391.28,0.3801220915999521,0.71,103629.47,383974,0.6115777370342783,5416262.01,4671627.25,799009.45,4813067.49,4147091.59,3213218.23,959391.99,1579691.68,1269170.42,1458409.02,56.63559287403114,59.24817755591578,0,91,34.63706772549466,0.277746149478871,0.26988668503596597,1319.2960321942953,907.4324286924598,1.6307337092431329,0.0025599057939595686,1.208193850202574,-0.9973649493065532,
1,6001,13,3331,2.9844212551585487,0.5143447212571685,0.54,106647.3,0.0420080526285633,0.63,10161.9,0.063525134514316,0.59,14391.28,0.3801220915999521,0.71,103629.47,383974,0.6115777370342783,5416262.01,4671627.25,799009.45,4813067.49,4147091.59,3213218.23,959391.99,1579691.68,1269170.42,1458409.02,56.63559287403114,59.24817755591578,0,49,34.63706772549466,0.277746149478871,0.26988668503596597,1402.469903932753,964.6407175022516,1.6307337092431329,0.15047715670512274,1.049309523689245,-0.9973649493065532,
1,6001,13,3204,2.3147284403713777,0.5143447212571685,0.54,106647.3,0.0420080526285633,0.63,10161.9,0.063525134514316,0.59,14391.28,0.3801220915999521,0.71,103629.47,383974,0.6115777370342783,5416262.01,4671627.25,799009.45,4813067.49,4147091.59,3213218.23,959391.99,1579691.68,1269170.42,1458409.02,56.63559287403114,59.24817755591578,0,61,34.63706772549466,0.277746149478871,0.26988668503596597,1458.0609394506866,1002.8771004993757,1.6307337092431329,-0.04771979945573631,0.9532223357502314,-0.9973649493065532,
1,6001,13,3321,1.6506682871014675,0.5143447212571685,0.54,106647.3,0.0420080526285633,0.63,10161.9,0.063525134514316,0.59,14391.28,0.3801220915999521,0.71,103629.47,383974,0.6115777370342783,5416262.01,4671627.25,799009.45,4813067.49,4147091.59,3213218.23,959391.99,1579691.68,1269170.42,1458409.02,56.63559287403114,59.24817755591578,0,83,34.63706772549466,0.277746149478871,0.26988668503596597,1406.692938873833,967.545386931647,1.6307337092431329,-0.2442497579377263,1.0417436033790863,-0.9973649493065532,
1,6001,13,1988,1.68109507162507,0.5143447212571685,0.54,106647.3,0.0420080526285633,0.63,10161.9,0.063525134514316,0.59,14391.28,0.3801220915999521,0.71,103629.47,383974,0.6115777370342783,5416262.01,4671627.25,799009.45,4813067.49,4147091.59,3213218.23,959391.99,1579691.68,1269170.42,1458409.02,56.63559287403114,59.24817755591578,0,35,34.63706772549466,0.277746149478871,0.26988668503596597,2349.9131036217304,1616.3069567404427,1.6307337092431329,-0.2352448889213895,0.033206426034953704,-0.9973649493065532,
1,6001,13,2961,2.824952978897307,0.5143447212571685,0.54,106647.3,0.0420080526285633,0.63,10161.9,0.063525134514316,0.59,14391.28,0.3801220915999521,0.71,103629.47,383974,0.6115777370342783,5416262.01,4671627.25,799009.45,4813067.49,4147091.59,3213218.23,959391.99,1579691.68,1269170.42,1458409.02,56.63559287403114,59.24817755591578,0,73,34.63706772549466,0.277746149478871,0.26988668503596597,1577.719436001351,1085.1800844309355,1.6307337092431329,0.10328219468474992,0.7693704722133791,-0.9973649493065532,
1,6001,13,4017,2.6560939312088467,0.5143447212571685,0.54,106647.3,0.0420080526285633,0.63,10161.9,0.063525134514316,0.59,14391.28,0.3801220915999521,0.71,103629.47,383974,0.6115777370342783,5416262.01,4671627.25,799009.45,4813067.49,4147091.59,3213218.23,959391.99,1579691.68,1269170.42,1458409.02,56.63559287403114,59.24817755591578,0,53,34.63706772549466,0.277746149478871,0.26988668503596597,1162.964214588001,799.9049614139906,1.6307337092431329,0.053308014682967905,1.56833165696612,-0.9973649493065532,
1,6001,13,2924,2.7548671253032344,0.5143447212571685,0.54,106647.3,0.0420080526285633,0.63,10161.9,0.063525134514316,0.59,14391.28,0.3801220915999521,0.71,103629.47,383974,0.6115777370342783,5416262.01,4671627.25,799009.45,4813067.49,4147091.59,3213218.23,959391.99,1579691.68,1269170.42,1458409.02,56.63559287403114,59.24817755591578,0,53,34.63706772549466,0.277746149478871,0.26988668503596597,1597.6837380300958,1098.9118433652532,1.6307337092431329,0.08254014318656372,0.7413765670657925,-0.9973649493065532,
1,6001,13,2956,2.847104508636059,0.5143447212571685,0.54,106647.3,0.0420080526285633,0.63,10161.9,0.063525134514316,0.59,14391.28,0.3801220915999521,0.71,103629.47,383974,0.6115777370342783,5416262.01,4671627.25,799009.45,4813067.49,4147091.59,3213218.23,959391.99,1579691.68,1269170.42,1458409.02,56.63559287403114,59.24817755591578,0,72,34.63706772549466,0.277746149478871,0.26988668503596597,1580.3881089309878,1087.0156393775371,1.6307337092431329,0.10983798514805758,0.7655875120582998,-0.9973649493065532,
1,6001,13,2032,3.745820586112354,0.5143447212571685,0.54,106647.3,0.0420080526285633,0.63,10161.9,0.063525134514316,0.59,14391.28,0.3801220915999521,0.71,103629.47,383974,0.6115777370342783,5416262.01,4671627.25,799009.45,4813067.49,4147091.59,3213218.23,959391.99,1579691.68,1269170.42,1458409.02,56.63559287403114,59.24817755591578,0,53,34.63706772549466,0.277746149478871,0.26988668503596597,2299.029158464567,1581.308184055118,1.6307337092431329,0.3758148436055222,0.06649647539965126,-0.9973649493065532,
1,6001,13,2875,2.958862665192812,0.5143447212571685,0.54,106647.3,0.0420080526285633,0.63,10161.9,0.063525134514316,0.59,14391.28,0.3801220915999521,0.71,103629.47,383974,0.6115777370342783,5416262.01,4671627.25,799009.45,4813067.49,4147091.59,3213218.23,959391.99,1579691.68,1269170.42,1458409.02,56.63559287403114,59.24817755591578,0,63,34.63706772549466,0.277746149478871,0.26988668503596597,1624.9138260869565,1117.6411234782609,1.6307337092431329,0.1429130398098528,0.7043035575460157,-0.9973649493065532,
1,6001,13,1012,4.500236304643532,0.5143447212571685,0.54,106647.3,0.0420080526285633,0.63,10161.9,0.063525134514316,0.59,14391.28,0.3801220915999521,0.71,103629.47,383974,0.6115777370342783,5416262.01,4671627.25,799009.45,4813067.49,4147091.59,3213218.23,959391.99,1579691.68,1269170.42,1458409.02,56.63559287403114,59.24817755591578,0,20,34.63706772549466,0.277746149478871,0.26988668503596597,4616.232460474308,3175.116828063241,1.6307337092431329,0.599085716147742,-0.7052273962365192,-0.9973649493065532,
1,6001,13,1707,1.6805781536048134,0.5143447212571685,0.54,106647.3,0.0420080526285633,0.63,10161.9,0.063525134514316,0.59,14391.28,0.3801220915999521,0.71,103629.47,383974,0.6115777370342783,5416262.01,4671627.25,799009.45,4813067.49,4147091.59,3213218.23,959391.99,1579691.68,1269170.42,1458409.02,56.63559287403114,59.24817755591578,0,37,34.63706772549466,0.277746149478871,0.26988668503596597,2736.7470708845926,1882.3774048037492,1.6307337092431329,-0.2353978718651174,-0.1793959346805011,-0.9973649493065532,
1,6001,13,3867,2.637696043368545,0.5143447212571685,0.54,106647.3,0.0420080526285633,0.63,10161.9,0.063525134514316,0.59,14391.28,0.3801220915999521,0.71,103629.47,383974,0.6115777370342783,5416262.01,4671627.25,799009.45,4813067.49,4147091.59,3213218.23,959391.99,1579691.68,1269170.42,1458409.02,56.63559287403114,59.24817755591578,0,45,34.63706772549466,0.277746149478871,0.26988668503596597,1208.075316783036,830.9330824928885,1.6307337092431329,0.04786312220507032,1.4548428523137422,-0.9973649493065532,
1,6001,13,2977,2.92551010415892,0.5143447212571685,0.54,106647.3,0.0420080526285633,0.63,10161.9,0.063525134514316,0.59,14391.28,0.3801220915999521,0.71,103629.47,383974,0.6115777370342783,5416262.01,4671627.25,799009.45,4813067.49,4147091.59,3213218.23,959391.99,1579691.68,1269170.42,1458409.02,56.63559287403114,59.24817755591578,0,97,34.63706772549466,0.277746149478871,0.26988668503596597,1569.2399227410144,1079.3477426939871,1.6307337092431329,0.1330422812603716,0.7814759447096328,-0.9973649493065532,
1,6001,13,693,3.9545156709754847,0.5143447212571685,0.54,106647.3,0.0420080526285633,0.63,10161.9,0.063525134514316,0.59,14391.28,0.3801220915999521,0.71,103629.47,383974,0.6115777370342783,5416262.01,4671627.25,799009.45,4813067.49,4147091.59,3213218.23,959391.99,1579691.68,1269170.42,1458409.02,56.63559287403114,59.24817755591578,0,12,34.63706772549466,0.277746149478871,0.26988668503596597,6741.164862914863,4636.678542568543,1.6307337092431329,0.4375785801609902,-0.9465802541305764,-0.9973649493065532,
1,6001,13,2626,2.346779124648999,0.5143447212571685,0.54,106647.3,0.0420080526285633,0.63,10161.9,0.063525134514316,0.59,14391.28,0.3801220915999521,0.71,103629.47,383974,0.6115777370342783,5416262.01,4671627.25,799009.45,4813067.49,4147091.59,3213218.23,959391.99,1579691.68,1269170.42,1458409.02,56.63559287403114,59.24817755591578,0,60,34.63706772549466,0.277746149478871,0.26988668503596597,1778.9898134044174,1223.6169954303123,1.6307337092431329,-0.03823433399092317,0.5159121418230682,-0.9973649493065532,
1,6001,13,2968,2.0337404367815703,0.5143447212571685,0.54,106647.3,0.0420080526285633,0.63,10161.9,0.063525134514316,0.59,14391.28,0.3801220915999521,0.71,103629.47,383974,0.6115777370342783,5416262.01,4671627.25,799009.45,4813067.49,4147091.59,3213218.23,959391.99,1579691.68,1269170.42,1458409.02,56.63559287403114,59.24817755591578,0,53,34.63706772549466,0.277746149478871,0.26988668503596597,1573.9983995956873,1082.620697439353,1.6307337092431329,-0.1308787729425804,0.7746666164304901,-0.9973649493065532,
1,6001,13,3775,1.9676393184805776,0.5143447212571685,0.54,106647.3,0.0420080526285633,0.63,10161.9,0.063525134514316,0.59,14391.28,0.3801220915999521,0.71,103629.47,383974,0.6115777370342783,5416262.01,4671627.25,799009.45,4813067.49,4147091.59,3213218.23,959391.99,1579691.68,1269170.42,1458409.02,56.63559287403114,59.24817755591578,0,96,34.63706772549466,0.277746149478871,0.26988668503596597,1237.5171523178808,851.1836370860927,1.6307337092431329,-0.15044153389328457,1.3852363854602838,-0.9973649493065532,
1,6001,13,1101,3.1285244461882464,0.5143447212571685,0.54,106647.3,0.0420080526285633,0.63,10161.9,0.063525134514316,0.59,14391.28,0.3801220915999521,0.71,103629.47,383974,0.6115777370342783,5416262.01,4671627.25,799009.45,4813067.49,4147091.59,3213218.23,959391.99,1579691.68,1269170.42,1458409.02,56.63559287403114,59.24817755591578,0,27,34.63706772549466,0.277746149478871,0.26988668503596597,4243.076521344233,2918.45434150772,1.6307337092431329,0.1931247903731494,-0.6378907054761083,-0.9973649493065532,
1,6001,13,3776,1.9824368190058903,0.5143447212571685,0.54,106647.3,0.0420080526285633,0.63,10161.9,0.063525134514316,0.59,14391.28,0.3801220915999521,0.71,103629.47,383974,0.6115777370342783,5416262.01,4671627.25,799009.45,4813067.49,4147091.59,3213218.23,959391.99,1579691.68,1269170.42,1458409.02,56.63559287403114,59.24817755591578,0,71,34.63706772549466,0.277746149478871,0.26988668503596597,1237.1894200211864,850.958217690678,1.6307337092431329,-0.14606218339385035,1.3859929774912996,-0.9973649493065532,
1,6001,13,2671,3.046013964805329,0.5143447212571685,0.54,106647.3,0.0420080526285633,0.63,10161.9,0.063525134514316,0.59,14391.28,0.3801220915999521,0.71,103629.47,383974,0.6115777370342783,5416262.01,4671627.25,799009.45,4813067.49,4147091.59,3213218.23,959391.99,1579691.68,1269170.42,1458409.02,56.63559287403114,59.24817755591578,0,39,34.63706772549466,0.277746149478871,0.26988668503596597,1749.0180643953574,1203.0019580681392,1.6307337092431329,0.16870564490768908,0.5499587832187816,-0.9973649493065532,
1,6001,13,2314,4.113303874080967,0.5143447212571685,0.54,106647.3,0.0420080526285633,0.63,10161.9,0.063525134514316,0.59,14391.28,0.3801220915999521,0.71,103629.47,383974,0.6115777370342783,5416262.01,4671627.25,799009.45,4813067.49,4147091.59,3213218.23,959391.99,1579691.68,1269170.42,1458409.02,56.63559287403114,59.24817755591578,0,38,34.63706772549466,0.277746149478871,0.26988668503596597,2018.8536084701816,1388.599062229905,1.6307337092431329,0.484572273142093,0.2798554281461219,-0.9973649493065532,
1,6001,13,1171,2.2419380736605588,0.5143447212571685,0.54,106647.3,0.0420080526285633,0.63,10161.9,0.063525134514316,0.59,14391.28,0.3801220915999521,0.71,103629.47,383974,0.6115777370342783,5416262.01,4671627.25,799009.45,4813067.49,4147091.59,3213218.23,959391.99,1579691.68,1269170.42,1458409.02,56.63559287403114,59.24817755591578,0,14,34.63706772549466,0.277746149478871,0.26988668503596597,3989.4340307429547,2743.995072587532,1.6307337092431329,-0.06926225713389118,-0.5849292633049985,-0.9973649493065532,
1,6001,13,3073,2.5365035522429547,0.5143447212571685,0.54,106647.3,0.0420080526285633,0.63,10161.9,0.063525134514316,0.59,14391.28,0.3801220915999521,0.71,103629.47,383974,0.6115777370342783,5416262.01,4671627.25,799009.45,4813067.49,4147091.59,3213218.23,959391.99,1579691.68,1269170.42,1458409.02,56.63559287403114,59.24817755591578,0,47,34.63706772549466,0.277746149478871,0.26988668503596597,1520.2171330946958,1045.629101854865,1.6307337092431329,0.017914997804481473,0.8541087796871547,-0.9973649493065532,
1,6001,13,4372,4.911372415465869,0.5143447212571685,0.54,106647.3,0.0420080526285633,0.63,10161.9,0.063525134514316,0.59,14391.28,0.3801220915999521,0.71,103629.47,383974,0.6115777370342783,5416262.01,4671627.25,799009.45,4813067.49,4147091.59,3213218.23,959391.99,1579691.68,1269170.42,1458409.02,56.63559287403114,59.24817755591578,0,64,34.63706772549466,0.277746149478871,0.26988668503596597,1068.5332227813358,734.9538494967978,1.6307337092431329,0.7207622877542286,1.836921827976748,-0.9973649493065532,
1,6001,13,47,2.730933179409813,0.5143447212571685,0.54,106647.3,0.0420080526285633,0.63,10161.9,0.063525134514316,0.59,14391.28,0.3801220915999521,0.71,103629.47,383974,0.6115777370342783,5416262.01,4671627.25,799009.45,4813067.49,4147091.59,3213218.23,959391.99,1579691.68,1269170.42,1458409.02,56.63559287403114,59.24817755591578,0,1,34.63706772549466,0.277746149478871,0.26988668503596597,99396.3244680851,68366.34531914894,1.6307337092431329,0.07545684302229014,-1.4353387061668177,-0.9973649493065532,
1,6001,13,2443,4.441263499855466,0.5143447212571685,0.54,106647.3,0.0420080526285633,0.63,10161.9,0.063525134514316,0.59,14391.28,0.3801220915999521,0.71,103629.47,383974,0.6115777370342783,5416262.01,4671627.25,799009.45,4813067.49,4147091.59,3213218.23,959391.99,1579691.68,1269170.42,1458409.02,56.63559287403114,59.24817755591578,0,68,34.63706772549466,0.277746149478871,0.26988668503596597,1912.2502046663938,1315.2755751125665,1.6307337092431329,0.5816325941383953,0.377455800147167,-0.9973649493065532,
1,6001,13,0,5.570832455246536,0.5143447212571685,0.54,106647.3,0.0420080526285633,0.63,10161.9,0.063525134514316,0.59,14391.28,0.3801220915999521,0.71,103629.47,383974,0.6115777370342783,5416262.01,4671627.25,799009.45,4813067.49,4147091.59,3213218.23,959391.99,1579691.68,1269170.42,1458409.02,56.63559287403114,59.24817755591578,0,0,34.63706772549466,0.277746149478871,0.26988668503596597,inf,inf,1.6307337092431329,0.9159308332548769,-1.4708985316245629,-0.9973649493065532,
1,6001,13,3341,8.095641970052828,0.5143447212571685,0.54,106647.3,0.0420080526285633,0.63,10161.9,0.063525134514316,0.59,14391.28,0.3801220915999521,0.71,103629.47,383974,0.6115777370342783,5416262.01,4671627.25,799009.45,4813067.49,4147091.59,3213218.23,959391.99,1579691.68,1269170.42,1458409.02,56.63559287403114,59.24817755591578,0,95,34.63706772549466,0.277746149478871,0.26988668503596597,1398.2721490571685,961.753436096977,1.6307337092431329,1.6631533652445818,1.0568754439994035,-0.9973649493065532,
1,6001,13,2643,5.917513378902499,0.5143447212571685,0.54,106647.3,0.0420080526285633,0.63,10161.9,0.063525134514316,0.59,14391.28,0.3801220915999521,0.71,103629.47,383974,0.6115777370342783,5416262.01,4671627.25,799009.45,4813067.49,4147091.59,3213218.23,959391.99,1579691.68,1269170.42,1458409.02,56.63559287403114,59.24817755591578,0,49,34.63706772549466,0.277746149478871,0.26988668503596597,1767.547200151343,1215.7465872115022,1.6307337092431329,1.0185317605912163,0.5287742063503377,-0.9973649493065532,
1,6001,13,3630,3.9101816976025,0.5143447212571685,0.54,106647.3,0.0420080526285633,0.63,10161.9,0.063525134514316,0.59,14391.28,0.3801220915999521,0.71,103629.47,383974,0.6115777370342783,5416262.01,4671627.25,799009.45,4813067.49,4147091.59,3213218.23,959391.99,1579691.68,1269170.42,1458409.02,56.63559287403114,59.24817755591578,0,84,34.63706772549466,0.277746149478871,0.26988668503596597,1286.949655647383,885.184085399449,1.6307337092431329,0.42445785020387605,1.275530540962985,-0.9973649493065532,
1,6001,13,2386,4.985305889283761,0.5143447212571685,0.54,106647.3,0.0420080526285633,0.63,10161.9,0.063525134514316,0.59,14391.28,0.3801220915999521,0.71,103629.47,383974,0.6115777370342783,5416262.01,4671627.25,799009.45,4813067.49,4147091.59,3213218.23,959391.99,1579691.68,1269170.42,1458409.02,56.63559287403114,59.24817755591578,0,48,34.63706772549466,0.277746149478871,0.26988668503596597,1957.9326278290025,1346.6966596814752,1.6307337092431329,0.7426430503151373,0.3343300543792634,-0.9973649493065532,
1,6001,13,2169,3.0036141792361004,0.5143447212571685,0.54,106647.3,0.0420080526285633,0.63,10161.9,0.063525134514316,0.59,14391.28,0.3801220915999521,0.71,103629.47,383974,0.6115777370342783,5416262.01,4671627.25,799009.45,4813067.49,4147091.59,3213218.23,959391.99,1579691.68,1269170.42,1458409.02,56.63559287403114,59.24817755591578,0,33,34.63706772549466,0.277746149478871,0.26988668503596597,2153.8161595205165,1481.4284140156753,1.6307337092431329,0.1561573417810312,0.17014958364882318,-0.9973649493065532,
1,6001,13,3325,2.9065657544271617,0.5143447212571685,0.54,106647.3,0.0420080526285633,0.63,10161.9,0.063525134514316,0.59,14391.28,0.3801220915999521,0.71,103629.47,383974,0.6115777370342783,5416262.01,4671627.25,799009.45,4813067.49,4147091.59,3213218.23,959391.99,1579691.68,1269170.42,1458409.02,56.63559287403114,59.24817755591578,0,70,34.63706772549466,0.277746149478871,0.26988668503596597,1405.0006766917293,966.3814225563909,1.6307337092431329,0.12743566226973096,1.0447699715031498,-0.9973649493065532,
1,6001,13,3332,4.342435820593297,0.5143447212571685,0.54,106647.3,0.0420080526285633,0.63,10161.9,0.063525134514316,0.59,14391.28,0.3801220915999521,0.71,103629.47,383974,0.6115777370342783,5416262.01,4671627.25,799009.45,4813067.49,4147091.59,3213218.23,959391.99,1579691.68,1269170.42,1458409.02,56.63559287403114,59.24817755591578,0,75,34.63706772549466,0.277746149478871,0.26988668503596597,1402.048994597839,964.3512094837935,1.6307337092431329,0.552384340638127,1.0500661157202607,-0.9973649493065532,
1,6001,13,1,6.430786432501003,0.5143447212571685,0.54,106647.3,0.0420080526285633,0.63,10161.9,0.063525134514316,0.59,14391.28,0.3801220915999521,0.71,103629.47,383974,0.6115777370342783,5416262.01,4671627.25,799009.45,4813067.49,4147091.59,3213218.23,959391.99,1579691.68,1269170.42,1458409.02,56.63559287403114,59.24817755591578,0,0,34.63706772549466,0.277746149478871,0.26988668503596597,4671627.25,3213218.23,1.6307337092431329,1.170435968993008,-1.470141939593547,-0.9973649493065532,
1,6001,13,4402,3.0468936854521798,0.5143447212571685,0.54,106647.3,0.0420080526285633,0.63,10161.9,0.063525134514316,0.59,14391.28,0.3801220915999521,0.71,103629.47,383974,0.6115777370342783,5416262.01,4671627.25,799009.45,4813067.49,4147091.59,3213218.23,959391.99,1579691.68,1269170.42,1458409.02,56.63559287403114,59.24817755591578,0,108,34.63706772549466,0.277746149478871,0.26988668503596597,1061.251079054975,729.9450772376192,1.6307337092431329,0.16896600002966114,1.8596195889072236,-0.9973649493065532,
1,6001,13,4049,3.09824529238359,0.5143447212571685,0.54,106647.3,0.0420080526285633,0.63,10161.9,0.063525134514316,0.59,14391.28,0.3801220915999521,0.71,103629.47,383974,0.6115777370342783,5416262.01,4671627.25,799009.45,4813067.49,4147091.59,3213218.23,959391.99,1579691.68,1269170.42,1458409.02,56.63559287403114,59.24817755591578,0,57,34.63706772549466,0.277746149478871,0.26988668503596597,1153.7730921215116,793.5831637441344,1.6307337092431329,0.18416361296957134,1.5925426019586275,-0.9973649493065532,
1,6001,13,2281,4.612053454717308,0.5143447212571685,0.54,106647.3,0.0420080526285633,0.63,10161.9,0.063525134514316,0.59,14391.28,0.3801220915999521,0.71,103629.47,383974,0.6115777370342783,5416262.01,4671627.25,799009.45,4813067.49,4147091.59,3213218.23,959391.99,1579691.68,1269170.42,1458409.02,56.63559287403114,59.24817755591578,0,50,34.63706772549466,0.277746149478871,0.26988668503596597,2048.0610477860587,1408.6883954405962,1.6307337092431329,0.6321782300613747,0.25488789112259874,-0.9973649493065532,
1,6001,13,3204,4.412759346627507,0.5143447212571685,0.54,106647.3,0.0420080526285633,0.63,10161.9,0.063525134514316,0.59,14391.28,0.3801220915999521,0.71,103629.47,383974,0.6115777370342783,5416262.01,4671627.25,799009.45,4813067.49,4147091.59,3213218.23,959391.99,1579691.68,1269170.42,1458409.02,56.63559287403114,59.24817755591578,0,72,34.63706772549466,0.277746149478871,0.26988668503596597,1458.0609394506866,1002.8771004993757,1.6307337092431329,0.5731967317803385,0.9532223357502314,-0.9973649493065532,
1,6001,13,2187,9.343702418097214,0.5143447212571685,0.54,106647.3,0.0420080526285633,0.63,10161.9,0.063525134514316,0.59,14391.28,0.3801220915999521,0.71,103629.47,383974,0.6115777370342783,5416262.01,4671627.25,799009.45,4813067.49,4147091.59,3213218.23,959391.99,1579691.68,1269170.42,1458409.02,56.63559287403114,59.24817755591578,0,53,34.63706772549466,0.277746149478871,0.26988668503596597,2136.0892775491543,1469.2355875628716,1.6307337092431329,2.0325194035912335,0.18376824020710852,-0.9973649493065532,
1,6001,13,2716,3.4403135158210296,0.5143447212571685,0.54,106647.3,0.0420080526285633,0.63,10161.9,0.063525134514316,0.59,14391.28,0.3801220915999521,0.71,103629.47,383974,0.6115777370342783,5416262.01,4671627.25,799009.45,4813067.49,4147091.59,3213218.23,959391.99,1579691.68,1269170.42,1458409.02,56.63559287403114,59.24817755591578,0,57,34.63706772549466,0.277746149478871,0.26988668503596597,1720.0394882179676,1183.0700405007365,1.6307337092431329,0.2853994022563342,0.584005424614495,-0.9973649493065532,
1,6001,13,3454,6.76287405832756,0.5143447212571685,0.54,106647.3,0.0420080526285633,0.63,10161.9,0.063525134514316,0.59,14391.28,0.3801220915999521,0.71,103629.47,383974,0.6115777370342783,5416262.01,4671627.25,799009.45,4813067.49,4147091.59,3213218.23,959391.99,1579691.68,1269170.42,1458409.02,56.63559287403114,59.24817755591578,0,62,34.63706772549466,0.277746149478871,0.26988668503596597,1352.526708164447,930.2890069484655,1.6307337092431329,1.2687179800347825,1.1423703435041948,-0.9973649493065532,
1,6001,13,996,8.815845371784674,0.5143447212571685,0.54,106647.3,0.0420080526285633,0.63,10161.9,0.063525134514316,0.59,14391.28,0.3801220915999521,0.71,103629.47,383974,0.6115777370342783,5416262.01,4671627.25,799009.45,4813067.49,4147091.59,3213218.23,959391.99,1579691.68,1269170.42,1458409.02,56.63559287403114,59.24817755591578,0,16,34.63706772549466,0.277746149478871,0.26988668503596597,4690.388805220883,3226.122720883534,1.6307337092431329,1.8762990327627733,-0.7173328687327729,-0.9973649493065532,
1,6001,13,3005,7.336084822204617,0.5143447212571685,0.54,106647.3,0.0420080526285633,0.63,10161.9,0.063525134514316,0.59,14391.28,0.3801220915999521,0.71,103629.47,383974,0.6115777370342783,5416262.01,4671627.25,799009.45,4813067.49,4147091.59,3213218.23,959391.99,1579691.68,1269170.42,1458409.02,56.63559287403114,59.24817755591578,0,46,34.63706772549466,0.277746149478871,0.26988668503596597,1554.6180532445924,1069.2905923460899,1.6307337092431329,1.4383608761963287,0.8026605215780767,-0.9973649493065532,
1,6001,13,3837,4.125035154696111,0.5143447212571685,0.54,106647.3,0.0420080526285633,0.63,10161.9,0.063525134514316,0.59,14391.28,0.3801220915999521,0.71,103629.47,383974,0.6115777370342783,5416262.01,4671627.25,799009.45,4813067.49,4147091.59,3213218.23,959391.99,1579691.68,1269170.42,1458409.02,56.63559287403114,59.24817755591578,0,79,34.63706772549466,0.277746149478871,0.26988668503596597,1217.5207844670315,837.4298227782122,1.6307337092431329,0.48804416959737945,1.4321450913832667,-0.9973649493065532,
1,6001,13,3367,7.79610119276839,0.5143447212571685,0.54,106647.3,0.0420080526285633,0.63,10161.9,0.063525134514316,0.59,14391.28,0.3801220915999521,0.71,103629.47,383974,0.6115777370342783,5416262.01,4671627.25,799009.45,4813067.49,4147091.59,3213218.23,959391.99,1579691.68,1269170.42,1458409.02,56.63559287403114,59.24817755591578,0,50,34.63706772549466,0.277746149478871,0.26988668503596597,1387.4746807246806,954.3267686367686,1.6307337092431329,1.5745036604949487,1.0765468368058155,-0.9973649493065532,
1,6001,13,4280,4.357963106119902,0.5143447212571685,0.54,106647.3,0.0420080526285633,0.63,10161.9,0.063525134514316,0.59,14391.28,0.3801220915999521,0.71,103629.47,383974,0.6115777370342783,5416262.01,4671627.25,799009.45,4813067.49,4147091.59,3213218.23,959391.99,1579691.68,1269170.42,1458409.02,56.63559287403114,59.24817755591578,0,84,34.63706772549466,0.277746149478871,0.26988668503596597,1091.5016939252337,750.7519228971962,1.6307337092431329,0.5569796724990365,1.7673153611232895,-0.9973649493065532,
1,6001,13,2068,11.807347376689348,0.5143447212571685,0.54,106647.3,0.0420080526285633,0.63,10161.9,0.063525134514316,0.59,14391.28,0.3801220915999521,0.71,103629.47,383974,0.6115777370342783,5416262.01,4671627.25,799009.45,4813067.49,4147091.59,3213218.23,959391.99,1579691.68,1269170.42,1458409.02,56.63559287403114,59.24817755591578,0,31,34.63706772549466,0.277746149478871,0.26988668503596597,2259.0073742746613,1553.780575435203,1.6307337092431329,2.7616401602611176,0.09373378851622198,-0.9973649493065532,
1,6001,13,3869,4.901423747156112,0.5143447212571685,0.54,106647.3,0.0420080526285633,0.63,10161.9,0.063525134514316,0.59,14391.28,0.3801220915999521,0.71,103629.47,383974,0.6115777370342783,5416262.01,4671627.25,799009.45,4813067.49,4147091.59,3213218.23,959391.99,1579691.68,1269170.42,1458409.02,56.63559287403114,59.24817755591578,0,75,34.63706772549466,0.277746149478871,0.26988668503596597,1207.4508270871027,830.5035487205996,1.6307337092431329,0.7178179590511136,1.456356036375774,-0.9973649493065532,
1,6001,13,2658,8.448199342984507,0.5143447212571685,0.54,106647.3,0.0420080526285633,0.63,10161.9,0.063525134514316,0.59,14391.28,0.3801220915999521,0.71,103629.47,383974,0.6115777370342783,5416262.01,4671627.25,799009.45,4813067.49,4147091.59,3213218.23,959391.99,1579691.68,1269170.42,1458409.02,56.63559287403114,59.24817755591578,0,41,34.63706772549466,0.277746149478871,0.26988668503596597,1757.5723288186607,1208.8857148231752,1.6307337092431329,1.7674934397447604,0.5401230868155755,-0.9973649493065532,
1,6001,13,3238,9.478625760054966,0.5143447212571685,0.54,106647.3,0.0420080526285633,0.63,10161.9,0.063525134514316,0.59,14391.28,0.3801220915999521,0.71,103629.47,383974,0.6115777370342783,5416262.01,4671627.25,799009.45,4813067.49,4147091.59,3213218.23,959391.99,1579691.68,1269170.42,1458409.02,56.63559287403114,59.24817755591578,0,58,34.63706772549466,0.277746149478871,0.26988668503596597,1442.750849289685,992.3465812229772,1.6307337092431329,2.0724502421796327,0.9789464648047704,-0.9973649493065532,
1,6001,13,3947,4.663751023108743,0.5143447212571685,0.54,106647.3,0.0420080526285633,0.63,10161.9,0.063525134514316,0.59,14391.28,0.3801220915999521,0.71,103629.47,383974,0.6115777370342783,5416262.01,4671627.25,799009.45,4813067.49,4147091.59,3213218.23,959391.99,1579691.68,1269170.42,1458409.02,56.63559287403114,59.24817755591578,0,73,34.63706772549466,0.277746149478871,0.26988668503596597,1183.5893716746896,814.0912667849,1.6307337092431329,0.6474782310018904,1.5153702147950106,-0.9973649493065532,
1,6001,13,0,9.366337902237856,0.5143447212571685,0.54,106647.3,0.0420080526285633,0.63,10161.9,0.063525134514316,0.59,14391.28,0.3801220915999521,0.71,103629.47,383974,0.6115777370342783,5416262.01,4671627.25,799009.45,4813067.49,4147091.59,3213218.23,959391.99,1579691.68,1269170.42,1458409.02,56.63559287403114,59.24817755591578,0,0,34.63706772549466,0.277746149478871,0.26988668503596597,inf,inf,1.6307337092431329,2.039218421348096,-1.4708985316245629,-0.9973649493065532,
1,6001,13,3,6.876145355271453,0.5143447212571685,0.54,106647.3,0.0420080526285633,0.63,10161.9,0.063525134514316,0.59,14391.28,0.3801220915999521,0.71,103629.47,383974,0.6115777370342783,5416262.01,4671627.25,799009.45,4813067.49,4147091.59,3213218.23,959391.99,1579691.68,1269170.42,1458409.02,56.63559287403114,59.24817755591578,0,0,34.63706772549466,0.277746149478871,0.26988668503596597,1557209.0833333333,1071072.7433333334,1.6307337092431329,1.3022408516842374,-1.4686287555315154,-0.9973649493065532,
1,6001,13,3152,12.012171222201998,0.5143447212571685,0.54,106647.3,0.0420080526285633,0.63,10161.9,0.063525134514316,0.59,14391.28,0.3801220915999521,0.71,103629.47,383974,0.6115777370342783,5416262.01,4671627.25,799009.45,4813067.49,4147091.59,3213218.23,959391.99,1579691.68,1269170.42,1458409.02,56.63559287403114,59.24817755591578,0,59,34.63706772549466,0.277746149478871,0.26988668503596597,1482.1152442893401,1019.422027284264,1.6307337092431329,2.822258195625093,0.9138795501374071,-0.9973649493065532,
1,6001,13,1152,4.617002133903324,0.5143447212571685,0.54,106647.3,0.0420080526285633,0.63,10161.9,0.063525134514316,0.59,14391.28,0.3801220915999521,0.71,103629.47,383974,0.6115777370342783,5416262.01,4671627.25,799009.45,4813067.49,4147091.59,3213218.23,959391.99,1579691.68,1269170.42,1458409.02,56.63559287403114,59.24817755591578,0,17,34.63706772549466,0.277746149478871,0.26988668503596597,4055.231987847222,2789.251935763889,1.6307337092431329,0.6336428017725059,-0.5993045118942998,-0.9973649493065532,
1,6001,13,2324,11.7025651767952,0.5143447212571685,0.54,106647.3,0.0420080526285633,0.63,10161.9,0.063525134514316,0.59,14391.28,0.3801220915999521,0.71,103629.47,383974,0.6115777370342783,5416262.01,4671627.25,799009.45,4813067.49,4147091.59,3213218.23,959391.99,1579691.68,1269170.42,1458409.02,56.63559287403114,59.24817755591578,0,66,34.63706772549466,0.277746149478871,0.26988668503596597,2010.16663080895,1382.6240232358002,1.6307337092431329,2.730629654219689,0.2874213484562804,-0.9973649493065532,
1,6001,13,3893,14.79063951401485,0.5143447212571685,0.54,106647.3,0.0420080526285633,0.63,10161.9,0.063525134514316,0.59,14391.28,0.3801220915999521,0.71,103629.47,383974,0.6115777370342783,5416262.01,4671627.25,799009.45,4813067.49,4147091.59,3213218.23,959391.99,1579691.68,1269170.42,1458409.02,56.63559287403114,59.24817755591578,0,62,34.63706772549466,0.277746149478871,0.26988668503596597,1200.0069997431287,825.3835679424608,1.6307337092431329,3.644551560683485,1.4745142451201545,-0.9973649493065532,
1,6001,13,3694,19.71112282762678,0.5143447212571685,0.54,106647.3,0.0420080526285633,0.63,10161.9,0.063525134514316,0.59,14391.28,0.3801220915999521,0.71,103629.47,383974,0.6115777370342783,5416262.01,4671627.25,799009.45,4813067.49,4147091.59,3213218.23,959391.99,1579691.68,1269170.42,1458409.02,56.63559287403114,59.24817755591578,0,70,34.63706772549466,0.277746149478871,0.26988668503596597,1264.6527476989713,869.8479236599892,1.6307337092431329,5.100778645795798,1.3239524309479995,-0.9973649493065532,
1,6001,13,3192,28.032549973282148,0.5143447212571685,0.54,106647.3,0.0420080526285633,0.63,10161.9,0.063525134514316,0.59,14391.28,0.3801220915999521,0.71,103629.47,383974,0.6115777370342783,5416262.01,4671627.25,799009.45,4813067.49,4147091.59,3213218.23,959391.99,1579691.68,1269170.42,1458409.02,56.63559287403114,59.24817755591578,0,83,34.63706772549466,0.277746149478871,0.26988668503596597,1463.5423715538848,1006.6473151629073,1.6307337092431329,7.563522003296777,0.9441432313780412,-0.9973649493065532,
38,6075,13,0,0.1469750434229457,0.5143447212571685,0.54,106647.3,0.0420080526285633,0.63,10161.9,0.063525134514316,0.59,14391.28,0.3801220915999521,0.71,103629.47,383974,0.6115777370342783,5416262.01,4671627.25,799009.45,4813067.49,4147091.59,3213218.23,959391.99,1579691.68,1269170.42,1458409.02,56.63559287403114,59.24817755591578,1,0,34.63706772549466,0.277746149478871,0.26988668503596597,inf,inf,1.6307337092431329,-0.689270844197171,-1.4708985316245629,-0.9973649493065532,
