minority_cvap_share,minority_to_white_ratio,turnout_differential,hispanic_voting_power,black_voting_power,asian_voting_power,white_voting_power,spending_ratio,fundraising_ratio,dem_fundraising_efficiency,rep_fundraising_efficiency,dem_spending_per_vote_scaled,rep_spending_per_vote_scaled,other_party_share,precinct_size_category_encoded,total_votes_scaled,precinct_area_scaled,COUNTY_encoded
0.6198779084000478,1.6307337092431329,-0.09842226296572165,0.277746149478871,0.026465073155994882,0.03747982936344644,0.26988668503596597,1.45387798637007,1.3060386761315779,1.1593951572227856,1.2906349003254596,1075.2163882282473,1075.2163882282473,0.0,4,-0.9637350705754615,-0.7823107748695455,0
0.6198779084000478,1.6307337092431329,-0.09842226296572165,0.277746149478871,0.026465073155994882,0.03747982936344644,0.26988668503596597,1.45387798637007,1.3060386761315779,1.1593951572227856,1.2906349003254596,4.687089153801161,4.6870891538011605,3.8461538461538463,4,-0.8738327904451683,-0.7576598114007626,0
0.6198779084000478,1.6307337092431329,-0.09842226296572165,0.277746149478871,0.026465073155994882,0.03747982936344644,0.26988668503596597,1.45387798637007,1.3060386761315779,1.1593951572227856,1.2906349003254596,9.47564390006367,9.475643900063668,2.7777777777777777,4,-0.9172638436482085,-0.7532778023904488,0
0.6198779084000478,1.6307337092431329,-0.09842226296572165,0.277746149478871,0.026465073155994882,0.03747982936344644,0.26988668503596597,1.45387798637007,1.3060386761315779,1.1593951572227856,1.2906349003254596,5.491566351173263,5.491566351173263,3.3333333333333335,4,-0.8859934853420195,-0.755230664348146,0
0.6198779084000478,1.6307337092431329,-0.09842226296572165,0.277746149478871,0.026465073155994882,0.03747982936344644,0.26988668503596597,1.45387798637007,1.3060386761315779,1.1593951572227856,1.2906349003254596,537.3659191280425,537.3659191280424,0.0,4,-0.963300760043431,-0.7428066872155764,0
0.6198779084000478,1.6307337092431329,-0.09842226296572165,0.277746149478871,0.026465073155994882,0.03747982936344644,0.26988668503596597,1.45387798637007,1.3060386761315779,1.1593951572227856,1.2906349003254596,15.334581471961323,15.334581471961322,5.88235294117647,4,-0.9346362649294245,-0.7432002996498625,0
0.6198779084000478,1.6307337092431329,-0.09842226296572165,0.277746149478871,0.026465073155994882,0.03747982936344644,0.26988668503596597,1.45387798637007,1.3060386761315779,1.1593951572227856,1.2906349003254596,4.662344468987939,4.662344468987938,0.9569377990430622,4,-0.8733984799131379,-0.7401173435505572,0
0.6198779084000478,1.6307337092431329,-0.09842226296572165,0.277746149478871,0.026465073155994882,0.03747982936344644,0.26988668503596597,1.45387798637007,1.3060386761315779,1.1593951572227856,1.2906349003254596,5.806098789243558,5.806098789243557,1.7543859649122806,4,-0.8899022801302932,-0.7370054768007923,0
0.6198779084000478,1.6307337092431329,-0.09842226296572165,0.277746149478871,0.026465073155994882,0.03747982936344644,0.26988668503596597,1.45387798637007,1.3060386761315779,1.1593951572227856,1.2906349003254596,19.435837772289688,19.43583777228968,3.7037037037037033,4,-0.9407166123778502,-0.7409545671171761,0
0.6198779084000478,1.6307337092431329,-0.09842226296572165,0.277746149478871,0.026465073155994882,0.03747982936344644,0.26988668503596597,1.45387798637007,1.3060386761315779,1.1593951572227856,1.2906349003254596,1.5920927656762822,1.592092765676282,5.405405405405405,4,-0.7391965255157438,-0.7036239365501179,0
0.6198779084000478,1.6307337092431329,-0.09842226296572165,0.277746149478871,0.026465073155994882,0.03747982936344644,0.26988668503596597,1.45387798637007,1.3060386761315779,1.1593951572227856,1.2906349003254596,20.202006531691687,20.202006531691683,0.0,4,-0.9415852334419109,-0.7658003958489554,0
0.6198779084000478,1.6307337092431329,-0.09842226296572165,0.277746149478871,0.026465073155994882,0.03747982936344644,0.26988668503596597,1.45387798637007,1.3060386761315779,1.1593951572227856,1.2906349003254596,3.4413658606858637,3.4413658606858633,3.64963503649635,4,-0.8451682953311618,-0.6958394556901103,0
0.6198779084000478,1.6307337092431329,-0.09842226296572165,0.277746149478871,0.026465073155994882,0.03747982936344644,0.26988668503596597,1.45387798637007,1.3060386761315779,1.1593951572227856,1.2906349003254596,2.8665432932594905,2.86654329325949,1.8691588785046727,4,-0.8247557003257329,-0.7129539761227102,0
0.6198779084000478,1.6307337092431329,-0.09842226296572165,0.277746149478871,0.026465073155994882,0.03747982936344644,0.26988668503596597,1.45387798637007,1.3060386761315779,1.1593951572227856,1.2906349003254596,1.2338221335891066,1.2338221335891064,2.3961661341853033,4,-0.6922909880564604,-0.6816190021365583,0
0.6198779084000478,1.6307337092431329,-0.09842226296572165,0.277746149478871,0.026465073155994882,0.03747982936344644,0.26988668503596597,1.45387798637007,1.3060386761315779,1.1593951572227856,1.2906349003254596,3.186784287907311,3.1867842879073103,1.7064846416382253,4,-0.8369163952225841,-0.7009527596789845,0
0.6198779084000478,1.6307337092431329,-0.09842226296572165,0.277746149478871,0.026465073155994882,0.03747982936344644,0.26988668503596597,1.45387798637007,1.3060386761315779,1.1593951572227856,1.2906349003254596,1.5683144137162979,1.5683144137162977,3.0534351145038165,4,-0.7365906623235613,-0.6594881941954491,0
0.6198779084000478,1.6307337092431329,-0.09842226296572165,0.277746149478871,0.026465073155994882,0.03747982936344644,0.26988668503596597,1.45387798637007,1.3060386761315779,1.1593951572227856,1.2906349003254596,107.08554384787863,107.0855438478786,0.0,4,-0.9598262757871878,-0.6919495834597573,0
0.6198779084000478,1.6307337092431329,-0.09842226296572165,0.277746149478871,0.026465073155994882,0.03747982936344644,0.26988668503596597,1.45387798637007,1.3060386761315779,1.1593951572227856,1.2906349003254596,1.6246675537208097,1.6246675537208093,2.7450980392156863,4,-0.742671009771987,-0.6110604121382512,0
0.6198779084000478,1.6307337092431329,-0.09842226296572165,0.277746149478871,0.026465073155994882,0.03747982936344644,0.26988668503596597,1.45387798637007,1.3060386761315779,1.1593951572227856,1.2906349003254596,119.03777649454985,119.03777649454983,0.0,4,-0.9602605863192183,-0.6343060944033342,0
0.6198779084000478,1.6307337092431329,-0.09842226296572165,0.277746149478871,0.026465073155994882,0.03747982936344644,0.26988668503596597,1.45387798637007,1.3060386761315779,1.1593951572227856,1.2906349003254596,2.9303736411722876,2.9303736411722863,1.5873015873015872,4,-0.8273615635179153,-0.6443240782315731,0
0.6198779084000478,1.6307337092431329,-0.09842226296572165,0.277746149478871,0.026465073155994882,0.03747982936344644,0.26988668503596597,1.45387798637007,1.3060386761315779,1.1593951572227856,1.2906349003254596,1.7800835819437792,1.7800835819437786,2.736842105263158,4,-0.757871878393051,-0.7137151619380866,0
0.6198779084000478,1.6307337092431329,-0.09842226296572165,0.277746149478871,0.026465073155994882,0.03747982936344644,0.26988668503596597,1.45387798637007,1.3060386761315779,1.1593951572227856,1.2906349003254596,2.2878751262923176,2.287875126292317,1.2886597938144329,4,-0.795656894679696,-0.6394073797885904,0
0.6198779084000478,1.6307337092431329,-0.09842226296572165,0.277746149478871,0.026465073155994882,0.03747982936344644,0.26988668503596597,1.45387798637007,1.3060386761315779,1.1593951572227856,1.2906349003254596,268.4406845779401,268.44068457794003,25.0,4,-0.9624321389793703,-0.6962252829159385,0
0.6198779084000478,1.6307337092431329,-0.09842226296572165,0.277746149478871,0.026465073155994882,0.03747982936344644,0.26988668503596597,1.45387798637007,1.3060386761315779,1.1593951572227856,1.2906349003254596,0.5794469993514115,0.5794469993514115,3.2640949554896146,4,-0.5250814332247556,-0.6069537300090554,0
0.6198779084000478,1.6307337092431329,-0.09842226296572165,0.277746149478871,0.026465073155994882,0.03747982936344644,0.26988668503596597,1.45387798637007,1.3060386761315779,1.1593951572227856,1.2906349003254596,-0.08121253751652383,-0.08121253751652381,2.2872140982377203,4,0.19413680781758957,-0.587493093448479,0
0.6198779084000478,1.6307337092431329,-0.09842226296572165,0.277746149478871,0.026465073155994882,0.03747982936344644,0.26988668503596597,1.45387798637007,1.3060386761315779,1.1593951572227856,1.2906349003254596,4.317686359089483,4.317686359089481,1.3392857142857142,4,-0.8668838219326819,-0.7006128814271577,0
0.6198779084000478,1.6307337092431329,-0.09842226296572165,0.277746149478871,0.026465073155994882,0.03747982936344644,0.26988668503596597,1.45387798637007,1.3060386761315779,1.1593951572227856,1.2906349003254596,0.9459034031041557,0.9459034031041555,1.8617021276595744,4,-0.6375678610206298,-0.5400143577535949,0
0.6198779084000478,1.6307337092431329,-0.09842226296572165,0.277746149478871,0.026465073155994882,0.03747982936344644,0.26988668503596597,1.45387798637007,1.3060386761315779,1.1593951572227856,1.2906349003254596,0.7093467406017041,0.7093467406017038,2.885682574916759,4,-0.5728555917480999,-0.5852802672399434,0
0.6198779084000478,1.6307337092431329,-0.09842226296572165,0.277746149478871,0.026465073155994882,0.03747982936344644,0.26988668503596597,1.45387798637007,1.3060386761315779,1.1593951572227856,1.2906349003254596,1.8387781880977176,1.8387781880977172,1.2958963282937366,4,-0.7630836047774159,-0.6090508377179438,0
0.6198779084000478,1.6307337092431329,-0.09842226296572165,0.277746149478871,0.026465073155994882,0.03747982936344644,0.26988668503596597,1.45387798637007,1.3060386761315779,1.1593951572227856,1.2906349003254596,-0.08480974986565047,-0.08480974986565047,2.6755852842809364,4,0.2045602605863192,-0.5202635882710227,0
0.6198779084000478,1.6307337092431329,-0.09842226296572165,0.277746149478871,0.026465073155994882,0.03747982936344644,0.26988668503596597,1.45387798637007,1.3060386761315779,1.1593951572227856,1.2906349003254596,1.9657938506176298,1.9657938506176296,1.8223234624145785,4,-0.7735070575461455,-0.6127288045470491,0
0.6198779084000478,1.6307337092431329,-0.09842226296572165,0.277746149478871,0.026465073155994882,0.03747982936344644,0.26988668503596597,1.45387798637007,1.3060386761315779,1.1593951572227856,1.2906349003254596,0.3971721083297924,0.39717210832979233,1.9672131147540985,2,-0.43431053203040176,-0.5067400125958889,0
0.6198779084000478,1.6307337092431329,-0.09842226296572165,0.277746149478871,0.026465073155994882,0.03747982936344644,0.26988668503596597,1.45387798637007,1.3060386761315779,1.1593951572227856,1.2906349003254596,3.0079855414753474,3.0079855414753465,0.6493506493506493,4,-0.8304017372421281,-0.5872311228511179,0
0.6198779084000478,1.6307337092431329,-0.09842226296572165,0.277746149478871,0.026465073155994882,0.03747982936344644,0.26988668503596597,1.45387798637007,1.3060386761315779,1.1593951572227856,1.2906349003254596,0.14049415230041312,0.14049415230041307,2.0918070889018012,2,-0.21672095548317047,-0.4861076996669422,0
0.6198779084000478,1.6307337092431329,-0.09842226296572165,0.277746149478871,0.026465073155994882,0.03747982936344644,0.26988668503596597,1.45387798637007,1.3060386761315779,1.1593951572227856,1.2906349003254596,1.0812446977072454,1.0812446977072452,2.037845705967977,2,-0.6657980456026059,-0.46490553369917137,0
0.6198779084000478,1.6307337092431329,-0.09842226296572165,0.277746149478871,0.026465073155994882,0.03747982936344644,0.26988668503596597,1.45387798637007,1.3060386761315779,1.1593951572227856,1.2906349003254596,1.1020295827055142,1.102029582705514,3.687315634218289,4,-0.6697068403908795,-0.5649000734124445,0
0.6198779084000478,1.6307337092431329,-0.09842226296572165,0.277746149478871,0.026465073155994882,0.03747982936344644,0.26988668503596597,1.45387798637007,1.3060386761315779,1.1593951572227856,1.2906349003254596,1.2015016551110227,1.2015016551110225,2.037617554858934,2,-0.6870792616720955,-0.48134810190593197,0
0.6198779084000478,1.6307337092431329,-0.09842226296572165,0.277746149478871,0.026465073155994882,0.03747982936344644,0.26988668503596597,1.45387798637007,1.3060386761315779,1.1593951572227856,1.2906349003254596,0.9890129568793106,0.9890129568793102,2.054794520547945,2,-0.6471226927252985,-0.37784569463524187,0
0.6198779084000478,1.6307337092431329,-0.09842226296572165,0.277746149478871,0.026465073155994882,0.03747982936344644,0.26988668503596597,1.45387798637007,1.3060386761315779,1.1593951572227856,1.2906349003254596,-0.053407311560980116,-0.05340731156098011,2.765531062124248,2,0.11943539630836048,-0.5035247559186633,0
0.6198779084000478,1.6307337092431329,-0.09842226296572165,0.277746149478871,0.026465073155994882,0.03747982936344644,0.26988668503596597,1.45387798637007,1.3060386761315779,1.1593951572227856,1.2906349003254596,0.2054442152657544,0.20544421526575446,1.9243104554201411,2,-0.2870792616720956,-0.30706200775556325,0
0.6198779084000478,1.6307337092431329,-0.09842226296572165,0.277746149478871,0.026465073155994882,0.03747982936344644,0.26988668503596597,1.45387798637007,1.3060386761315779,1.1593951572227856,1.2906349003254596,-0.06254097326065601,-0.06254097326065598,2.5107885445272657,2,0.14288816503800217,-0.36810494772055435,0
0.6198779084000478,1.6307337092431329,-0.09842226296572165,0.277746149478871,0.026465073155994882,0.03747982936344644,0.26988668503596597,1.45387798637007,1.3060386761315779,1.1593951572227856,1.2906349003254596,3.2766421194474775,3.276642119447477,3.146853146853147,4,-0.8399565689467969,-0.6068235366881015,0
0.6198779084000478,1.6307337092431329,-0.09842226296572165,0.277746149478871,0.026465073155994882,0.03747982936344644,0.26988668503596597,1.45387798637007,1.3060386761315779,1.1593951572227856,1.2906349003254596,0.18441827298716176,0.1844182729871618,3.296019900497513,2,-0.26579804560260584,-0.4562286405656424,0
0.6198779084000478,1.6307337092431329,-0.09842226296572165,0.277746149478871,0.026465073155994882,0.03747982936344644,0.26988668503596597,1.45387798637007,1.3060386761315779,1.1593951572227856,1.2906349003254596,1.190996660548572,1.1909966605485718,1.557632398753894,2,-0.6853420195439739,-0.41800972807211123,0
0.6198779084000478,1.6307337092431329,-0.09842226296572165,0.277746149478871,0.026465073155994882,0.03747982936344644,0.26988668503596597,1.45387798637007,1.3060386761315779,1.1593951572227856,1.2906349003254596,0.007987087453225497,0.007987087453225466,1.8315018315018317,2,-0.015635179153094463,-0.2594601103809735,0
0.6198779084000478,1.6307337092431329,-0.09842226296572165,0.277746149478871,0.026465073155994882,0.03747982936344644,0.26988668503596597,1.45387798637007,1.3060386761315779,1.1593951572227856,1.2906349003254596,-0.02425859937654882,-0.02425859937654885,1.4120667522464698,2,0.050814332247557006,-0.26665396302400124,0
0.6198779084000478,1.6307337092431329,-0.09842226296572165,0.277746149478871,0.026465073155994882,0.03747982936344644,0.26988668503596597,1.45387798637007,1.3060386761315779,1.1593951572227856,1.2906349003254596,0.9516328558755835,0.9516328558755833,3.6048064085447264,2,-0.638870792616721,-0.48534188838256465,0
0.6198779084000478,1.6307337092431329,-0.09842226296572165,0.277746149478871,0.026465073155994882,0.03747982936344644,0.26988668503596597,1.45387798637007,1.3060386761315779,1.1593951572227856,1.2906349003254596,0.03536348274360288,0.035363482743602834,1.9816336394393428,2,-0.06558089033659066,-0.348063382315869,0
0.6198779084000478,1.6307337092431329,-0.09842226296572165,0.277746149478871,0.026465073155994882,0.03747982936344644,0.26988668503596597,1.45387798637007,1.3060386761315779,1.1593951572227856,1.2906349003254596,0.08131059501303978,0.0813105950130397,3.3666491320357705,2,-0.13854505971769815,-0.40266847561780494,0
0.6198779084000478,1.6307337092431329,-0.09842226296572165,0.277746149478871,0.026465073155994882,0.03747982936344644,0.26988668503596597,1.45387798637007,1.3060386761315779,1.1593951572227856,1.2906349003254596,0.22221805556459787,0.22221805556459784,2.036793692509855,2,-0.3031487513572204,-0.2635654374956338,0
0.6198779084000478,1.6307337092431329,-0.09842226296572165,0.277746149478871,0.026465073155994882,0.03747982936344644,0.26988668503596597,1.45387798637007,1.3060386761315779,1.1593951572227856,1.2906349003254596,0.11506036128269767,0.11506036128269764,2.0066889632107023,2,-0.18501628664495115,-0.2195211215601744,0
0.6198779084000478,1.6307337092431329,-0.09842226296572165,0.277746149478871,0.026465073155994882,0.03747982936344644,0.26988668503596597,1.45387798637007,1.3060386761315779,1.1593951572227856,1.2906349003254596,0.38435223963119913,0.38435223963119897,1.2116316639741518,4,-0.4264929424538545,-0.5175350932901481,0
0.6198779084000478,1.6307337092431329,-0.09842226296572165,0.277746149478871,0.026465073155994882,0.03747982936344644,0.26988668503596597,1.45387798637007,1.3060386761315779,1.1593951572227856,1.2906349003254596,0.07953022615983978,0.0795302261598398,1.782905086523335,2,-0.13593919652551575,-0.2457440013590909,0
0.6198779084000478,1.6307337092431329,-0.09842226296572165,0.277746149478871,0.026465073155994882,0.03747982936344644,0.26988668503596597,1.45387798637007,1.3060386761315779,1.1593951572227856,1.2906349003254596,-0.1465980594383726,-0.14659805943837256,1.7907634307257305,2,0.41824104234527687,-0.4100394219743895,0
0.6198779084000478,1.6307337092431329,-0.09842226296572165,0.277746149478871,0.026465073155994882,0.03747982936344644,0.26988668503596597,1.45387798637007,1.3060386761315779,1.1593951572227856,1.2906349003254596,0.538952347723866,0.5389523477238661,3.0447193149381544,4,-0.5077090119435397,-0.5481207556344437,0
0.6198779084000478,1.6307337092431329,-0.09842226296572165,0.277746149478871,0.026465073155994882,0.03747982936344644,0.26988668503596597,1.45387798637007,1.3060386761315779,1.1593951572227856,1.2906349003254596,1.0543641025163508,1.0543641025163508,0.7153075822603719,2,-0.6605863192182411,-0.5158440514694993,0
0.6198779084000478,1.6307337092431329,-0.09842226296572165,0.277746149478871,0.026465073155994882,0.03747982936344644,0.26988668503596597,1.45387798637007,1.3060386761315779,1.1593951572227856,1.2906349003254596,2.5801250654456584,2.5801250654456576,3.9886039886039883,1,-0.8117263843648208,-0.10097682686196541,0
0.6198779084000478,1.6307337092431329,-0.09842226296572165,0.277746149478871,0.026465073155994882,0.03747982936344644,0.26988668503596597,1.45387798637007,1.3060386761315779,1.1593951572227856,1.2906349003254596,-0.18640669660790948,-0.18640669660790946,2.5776053215077606,2,0.6028230184581976,-0.3060522054845143,0
0.6198779084000478,1.6307337092431329,-0.09842226296572165,0.277746149478871,0.026465073155994882,0.03747982936344644,0.26988668503596597,1.45387798637007,1.3060386761315779,1.1593951572227856,1.2906349003254596,0.2194427884400157,0.21944278844001563,2.486910994764398,2,-0.300542888165038,-0.3793526611264296,0
0.6198779084000478,1.6307337092431329,-0.09842226296572165,0.277746149478871,0.026465073155994882,0.03747982936344644,0.26988668503596597,1.45387798637007,1.3060386761315779,1.1593951572227856,1.2906349003254596,1.3701068178383597,1.3701068178383595,2.586206896551724,1,-0.7122692725298588,-0.1602352914259747,0
0.6198779084000478,1.6307337092431329,-0.09842226296572165,0.277746149478871,0.026465073155994882,0.03747982936344644,0.26988668503596597,1.45387798637007,1.3060386761315779,1.1593951572227856,1.2906349003254596,0.2708579900570421,0.27085799005704203,1.8258426966292134,1,-0.3457111834961998,-0.15494053698019586,0
0.6198779084000478,1.6307337092431329,-0.09842226296572165,0.277746149478871,0.026465073155994882,0.03747982936344644,0.26988668503596597,1.45387798637007,1.3060386761315779,1.1593951572227856,1.2906349003254596,0.2762003377389331,0.27620033773893304,1.3437057991513437,2,-0.3500542888165038,-0.3797737937030033,0
0.6198779084000478,1.6307337092431329,-0.09842226296572165,0.277746149478871,0.026465073155994882,0.03747982936344644,0.26988668503596597,1.45387798637007,1.3060386761315779,1.1593951572227856,1.2906349003254596,0.048767300123429023,0.04876730012342899,2.7268220128904312,2,-0.08816503800217156,-0.3826813093926081,0
0.6198779084000478,1.6307337092431329,-0.09842226296572165,0.277746149478871,0.026465073155994882,0.03747982936344644,0.26988668503596597,1.45387798637007,1.3060386761315779,1.1593951572227856,1.2906349003254596,-0.1401052273015047,-0.14010522730150465,2.2094140249759846,1,0.39218241042345275,-0.0893745664890257,0
0.6198779084000478,1.6307337092431329,-0.09842226296572165,0.277746149478871,0.026465073155994882,0.03747982936344644,0.26988668503596597,1.45387798637007,1.3060386761315779,1.1593951572227856,1.2906349003254596,-0.07600423034677146,-0.07600423034677142,2.4306874287884543,1,0.17937024972855592,0.10029924754330724,0
0.6198779084000478,1.6307337092431329,-0.09842226296572165,0.277746149478871,0.026465073155994882,0.03747982936344644,0.26988668503596597,1.45387798637007,1.3060386761315779,1.1593951572227856,1.2906349003254596,-0.027388502463915065,-0.027388502463915044,2.847428814279643,1,0.057763300760043435,-0.16250956507371378,0
0.6198779084000478,1.6307337092431329,-0.09842226296572165,0.277746149478871,0.026465073155994882,0.03747982936344644,0.26988668503596597,1.45387798637007,1.3060386761315779,1.1593951572227856,1.2906349003254596,0.2849070651770021,0.284907065177002,1.7882689556509301,1,-0.35700325732899024,-0.0629750957631106,0
0.6198779084000478,1.6307337092431329,-0.09842226296572165,0.277746149478871,0.026465073155994882,0.03747982936344644,0.26988668503596597,1.45387798637007,1.3060386761315779,1.1593951572227856,1.2906349003254596,0.889269872282621,0.889269872282621,1.6602809706257982,2,-0.6241042345276873,-0.2717742864224841,0
0.6198779084000478,1.6307337092431329,-0.09842226296572165,0.277746149478871,0.026465073155994882,0.03747982936344644,0.26988668503596597,1.45387798637007,1.3060386761315779,1.1593951572227856,1.2906349003254596,0.0035176041536285987,0.003517604153628621,2.087114337568058,2,-0.006948968512486428,-0.3259549850694675,0
0.6198779084000478,1.6307337092431329,-0.09842226296572165,0.277746149478871,0.026465073155994882,0.03747982936344644,0.26988668503596597,1.45387798637007,1.3060386761315779,1.1593951572227856,1.2906349003254596,-0.09295880426995153,-0.09295880426995147,2.3298143429195486,2,0.22888165038002173,-0.3626899013636115,0
0.6198779084000478,1.6307337092431329,-0.09842226296572165,0.277746149478871,0.026465073155994882,0.03747982936344644,0.26988668503596597,1.45387798637007,1.3060386761315779,1.1593951572227856,1.2906349003254596,-0.011090052179772006,-0.01109005217977206,1.7605633802816902,1,0.02258414766558089,0.11143833897303114,0
0.6198779084000478,1.6307337092431329,-0.09842226296572165,0.277746149478871,0.026465073155994882,0.03747982936344644,0.26988668503596597,1.45387798637007,1.3060386761315779,1.1593951572227856,1.2906349003254596,-0.1746390133031103,-0.17463901330311027,3.1114952463267067,1,0.5433224755700325,0.10877640950443955,0
0.6198779084000478,1.6307337092431329,-0.09842226296572165,0.277746149478871,0.026465073155994882,0.03747982936344644,0.26988668503596597,1.45387798637007,1.3060386761315779,1.1593951572227856,1.2906349003254596,0.05115766638367401,0.05115766638367405,2.3904382470119523,2,-0.09207383279044516,-0.23829731599767728,0
0.6198779084000478,1.6307337092431329,-0.09842226296572165,0.277746149478871,0.026465073155994882,0.03747982936344644,0.26988668503596597,1.45387798637007,1.3060386761315779,1.1593951572227856,1.2906349003254596,-0.16248382300054742,-0.16248382300054742,1.2275449101796407,1,0.48642779587404994,-0.013040921373326197,0
0.6198779084000478,1.6307337092431329,-0.09842226296572165,0.277746149478871,0.026465073155994882,0.03747982936344644,0.26988668503596597,1.45387798637007,1.3060386761315779,1.1593951572227856,1.2906349003254596,0.005518792393648545,0.00551879239364857,2.2323462414578588,1,-0.010857763300760043,-0.0017908631102870724,0
0.6198779084000478,1.6307337092431329,-0.09842226296572165,0.277746149478871,0.026465073155994882,0.03747982936344644,0.26988668503596597,1.45387798637007,1.3060386761315779,1.1593951572227856,1.2906349003254596,-0.09690999443246935,-0.09690999443246938,2.4864864864864864,2,0.24104234527687296,-0.17102715037802094,0
0.6198779084000478,1.6307337092431329,-0.09842226296572165,0.277746149478871,0.026465073155994882,0.03747982936344644,0.26988668503596597,1.45387798637007,1.3060386761315779,1.1593951572227856,1.2906349003254596,0.07805512103870436,0.07805512103870434,1.6736401673640167,2,-0.13376764386536374,-0.2130388824313935,0
0.6198779084000478,1.6307337092431329,-0.09842226296572165,0.277746149478871,0.026465073155994882,0.03747982936344644,0.26988668503596597,1.45387798637007,1.3060386761315779,1.1593951572227856,1.2906349003254596,-0.0669642042274051,-0.0669642042274051,1.7080745341614907,2,0.15461454940282301,-0.2871866587531349,0
0.6198779084000478,1.6307337092431329,-0.09842226296572165,0.277746149478871,0.026465073155994882,0.03747982936344644,0.26988668503596597,1.45387798637007,1.3060386761315779,1.1593951572227856,1.2906349003254596,-0.02524128804603175,-0.025241288046031762,1.6652433817250214,1,0.05298588490770901,0.05435826494039137,0
0.6198779084000478,1.6307337092431329,-0.09842226296572165,0.277746149478871,0.026465073155994882,0.03747982936344644,0.26988668503596597,1.45387798637007,1.3060386761315779,1.1593951572227856,1.2906349003254596,-0.1449979083364598,-0.1449979083364598,2.0202020202020203,1,0.41172638436482084,0.09516739136315408,0
0.6198779084000478,1.6307337092431329,-0.09842226296572165,0.277746149478871,0.026465073155994882,0.03747982936344644,0.26988668503596597,1.45387798637007,1.3060386761315779,1.1593951572227856,1.2906349003254596,0.8353284796172972,0.8353284796172971,1.4723926380368098,1,-0.6102062975027145,-0.16923790924700383,0
0.6198779084000478,1.6307337092431329,-0.09842226296572165,0.277746149478871,0.026465073155994882,0.03747982936344644,0.26988668503596597,1.45387798637007,1.3060386761315779,1.1593951572227856,1.2906349003254596,-0.16411478056258214,-0.16411478056258214,2.0554066130473636,1,0.4938110749185668,-0.05841641730774006,0
0.6198779084000478,1.6307337092431329,-0.09842226296572165,0.277746149478871,0.026465073155994882,0.03747982936344644,0.26988668503596597,1.45387798637007,1.3060386761315779,1.1593951572227856,1.2906349003254596,1.7379726274252765,1.7379726274252765,1.4462809917355373,2,-0.7539630836047774,-0.4027865855772513,0
0.6198779084000478,1.6307337092431329,-0.09842226296572165,0.277746149478871,0.026465073155994882,0.03747982936344644,0.26988668503596597,1.45387798637007,1.3060386761315779,1.1593951572227856,1.2906349003254596,-0.0962102832813324,-0.09621028328133241,2.1299638989169676,1,0.23887079261672095,0.12222185020866055,0
0.6198779084000478,1.6307337092431329,-0.09842226296572165,0.277746149478871,0.026465073155994882,0.03747982936344644,0.26988668503596597,1.45387798637007,1.3060386761315779,1.1593951572227856,1.2906349003254596,1.4784079442617586,1.4784079442617584,1.2773722627737227,2,-0.7261672095548317,-0.3957858817386471,0
0.6198779084000478,1.6307337092431329,-0.09842226296572165,0.277746149478871,0.026465073155994882,0.03747982936344644,0.26988668503596597,1.45387798637007,1.3060386761315779,1.1593951572227856,1.2906349003254596,-0.1823018861268284,-0.1823018861268284,1.7701601573475694,0,0.5815418023887079,0.1601728042157893,0
0.6198779084000478,1.6307337092431329,-0.09842226296572165,0.277746149478871,0.026465073155994882,0.03747982936344644,0.26988668503596597,1.45387798637007,1.3060386761315779,1.1593951572227856,1.2906349003254596,-0.19891509744104838,-0.19891509744104832,1.6728624535315983,0,0.6714440825190011,0.13892130277977022,0
0.6198779084000478,1.6307337092431329,-0.09842226296572165,0.277746149478871,0.026465073155994882,0.03747982936344644,0.26988668503596597,1.45387798637007,1.3060386761315779,1.1593951572227856,1.2906349003254596,-0.1523384409083598,-0.15233844090835977,2.625077208153181,0,0.442128121606949,0.1912888934564061,0
0.6198779084000478,1.6307337092431329,-0.09842226296572165,0.277746149478871,0.026465073155994882,0.03747982936344644,0.26988668503596597,1.45387798637007,1.3060386761315779,1.1593951572227856,1.2906349003254596,-0.121627928235083,-0.12162792823508299,2.058029689608637,0,0.3231270358306189,0.2934411338873996,0
0.6198779084000478,1.6307337092431329,-0.09842226296572165,0.277746149478871,0.026465073155994882,0.03747982936344644,0.26988668503596597,1.45387798637007,1.3060386761315779,1.1593951572227856,1.2906349003254596,0.3850546666415414,0.3850546666415414,1.2934518997574778,1,-0.4269272529858849,0.01967495808972524,0
0.6198779084000478,1.6307337092431329,-0.09842226296572165,0.277746149478871,0.026465073155994882,0.03747982936344644,0.26988668503596597,1.45387798637007,1.3060386761315779,1.1593951572227856,1.2906349003254596,-0.09982145349267232,-0.09982145349267234,1.3233190271816881,1,0.2501628664495114,-0.03664637285479715,0
0.6198779084000478,1.6307337092431329,-0.09842226296572165,0.277746149478871,0.026465073155994882,0.03747982936344644,0.26988668503596597,1.45387798637007,1.3060386761315779,1.1593951572227856,1.2906349003254596,-0.06793458168968611,-0.06793458168968611,2.3237800154918666,1,0.15722041259500544,0.033110846611971285,0
0.6198779084000478,1.6307337092431329,-0.09842226296572165,0.277746149478871,0.026465073155994882,0.03747982936344644,0.26988668503596597,1.45387798637007,1.3060386761315779,1.1593951572227856,1.2906349003254596,-0.13197673774726654,-0.13197673774726654,2.949852507374631,1,0.36091205211726385,-0.14240584076921492,0
0.6198779084000478,1.6307337092431329,-0.09842226296572165,0.277746149478871,0.026465073155994882,0.03747982936344644,0.26988668503596597,1.45387798637007,1.3060386761315779,1.1593951572227856,1.2906349003254596,0.3029324130502518,0.30293241305025187,4.319180087847731,1,-0.37090119435396307,0.12846211014998304,0
0.6198779084000478,1.6307337092431329,-0.09842226296572165,0.277746149478871,0.026465073155994882,0.03747982936344644,0.26988668503596597,1.45387798637007,1.3060386761315779,1.1593951572227856,1.2906349003254596,-0.10064528329710418,-0.10064528329710418,2.569593147751606,1,0.25276872964169383,0.051145678756158365,0
0.6198779084000478,1.6307337092431329,-0.09842226296572165,0.277746149478871,0.026465073155994882,0.03747982936344644,0.26988668503596597,1.45387798637007,1.3060386761315779,1.1593951572227856,1.2906349003254596,-0.19024054994609238,-0.19024054994609232,2.3529411764705883,1,0.6232356134636265,0.10632252952556115,0
0.6198779084000478,1.6307337092431329,-0.09842226296572165,0.277746149478871,0.026465073155994882,0.03747982936344644,0.26988668503596597,1.45387798637007,1.3060386761315779,1.1593951572227856,1.2906349003254596,0.3753228801161582,0.37532288011615816,3.117505995203837,2,-0.4208469055374593,-0.1953303740920848,0
0.6198779084000478,1.6307337092431329,-0.09842226296572165,0.277746149478871,0.026465073155994882,0.03747982936344644,0.26988668503596597,1.45387798637007,1.3060386761315779,1.1593951572227856,1.2906349003254596,-0.055299797301848044,-0.05529979730184806,3.1125299281723864,1,0.1242128121606949,-0.02955100312379787,0
0.6198779084000478,1.6307337092431329,-0.09842226296572165,0.277746149478871,0.026465073155994882,0.03747982936344644,0.26988668503596597,1.45387798637007,1.3060386761315779,1.1593951572227856,1.2906349003254596,0.5773463143138721,0.5773463143138721,1.3820335636722607,2,-0.5242128121606949,-0.3150076636956041,0
0.6198779084000478,1.6307337092431329,-0.09842226296572165,0.277746149478871,0.026465073155994882,0.03747982936344644,0.26988668503596597,1.45387798637007,1.3060386761315779,1.1593951572227856,1.2906349003254596,-0.07034090855032912,-0.07034090855032912,1.6942626107046592,0,0.16373507057546147,0.47293303057963276,0
0.6198779084000478,1.6307337092431329,-0.09842226296572165,0.277746149478871,0.026465073155994882,0.03747982936344644,0.26988668503596597,1.45387798637007,1.3060386761315779,1.1593951572227856,1.2906349003254596,-0.13529642079857737,-0.13529642079857732,2.4025974025974026,1,0.3735070575461455,-0.021515033433704436,0
0.6198779084000478,1.6307337092431329,-0.09842226296572165,0.277746149478871,0.026465073155994882,0.03747982936344644,0.26988668503596597,1.45387798637007,1.3060386761315779,1.1593951572227856,1.2906349003254596,0.0,0.0,1.891891891891892,1,0.0,-0.008630460987723968,0
0.6198779084000478,1.6307337092431329,-0.09842226296572165,0.277746149478871,0.026465073155994882,0.03747982936344644,0.26988668503596597,1.45387798637007,1.3060386761315779,1.1593951572227856,1.2906349003254596,-0.21481553429865324,-0.21481553429865322,2.0060180541624875,1,0.7678610206297503,0.05034949484370094,0
0.6198779084000478,1.6307337092431329,-0.09842226296572165,0.277746149478871,0.026465073155994882,0.03747982936344644,0.26988668503596597,1.45387798637007,1.3060386761315779,1.1593951572227856,1.2906349003254596,-0.21522074376965528,-0.21522074376965522,2.453680520781172,1,0.7704668838219327,0.07254541015176888,0
0.6198779084000478,1.6307337092431329,-0.09842226296572165,0.277746149478871,0.026465073155994882,0.03747982936344644,0.26988668503596597,1.45387798637007,1.3060386761315779,1.1593951572227856,1.2906349003254596,-0.16054366547547633,-0.16054366547547635,2.0481927710843375,0,0.4777415852334419,0.19006342087015027,0
0.6198779084000478,1.6307337092431329,-0.09842226296572165,0.277746149478871,0.026465073155994882,0.03747982936344644,0.26988668503596597,1.45387798637007,1.3060386761315779,1.1593951572227856,1.2906349003254596,0.12838503535925427,0.12838503535925422,1.4245014245014245,0,-0.20195439739413681,0.22209149245823503,0
0.6198779084000478,1.6307337092431329,-0.09842226296572165,0.277746149478871,0.026465073155994882,0.03747982936344644,0.26988668503596597,1.45387798637007,1.3060386761315779,1.1593951572227856,1.2906349003254596,-0.18059378730775233,-0.18059378730775227,2.3452952811528682,1,0.5728555917480999,0.02134642683838895,0
0.6198779084000478,1.6307337092431329,-0.09842226296572165,0.277746149478871,0.026465073155994882,0.03747982936344644,0.26988668503596597,1.45387798637007,1.3060386761315779,1.1593951572227856,1.2906349003254596,-0.11666319439202877,-0.11666319439202874,1.4363885088919288,0,0.30575461454940284,0.21806604365668686,0
0.6198779084000478,1.6307337092431329,-0.09842226296572165,0.277746149478871,0.026465073155994882,0.03747982936344644,0.26988668503596597,1.45387798637007,1.3060386761315779,1.1593951572227856,1.2906349003254596,0.3069886137099195,0.30698861370991937,2.1339220014716704,0,-0.3739413680781759,0.3546527276212298,0
0.6198779084000478,1.6307337092431329,-0.09842226296572165,0.277746149478871,0.026465073155994882,0.03747982936344644,0.26988668503596597,1.45387798637007,1.3060386761315779,1.1593951572227856,1.2906349003254596,-0.2201200463510366,-0.22012004635103657,1.8682399213372665,0,0.8026058631921824,0.6746952001578046,0
0.6198779084000478,1.6307337092431329,-0.09842226296572165,0.277746149478871,0.026465073155994882,0.03747982936344644,0.26988668503596597,1.45387798637007,1.3060386761315779,1.1593951572227856,1.2906349003254596,-0.126817701394003,-0.12681770139400297,3.4918523445294314,0,0.3418023887079262,0.1980866871623228,0
0.6198779084000478,1.6307337092431329,-0.09842226296572165,0.277746149478871,0.026465073155994882,0.03747982936344644,0.26988668503596597,1.45387798637007,1.3060386761315779,1.1593951572227856,1.2906349003254596,-0.1783441827514701,-0.17834418275147004,2.191858810133789,1,0.5615635179153095,0.03175030156578256,0
0.6198779084000478,1.6307337092431329,-0.09842226296572165,0.277746149478871,0.026465073155994882,0.03747982936344644,0.26988668503596597,1.45387798637007,1.3060386761315779,1.1593951572227856,1.2906349003254596,0.06680878652571566,0.0668087865257156,2.8703229113275244,1,-0.11682953311617807,-0.018983789005141655,0
0.6198779084000478,1.6307337092431329,-0.09842226296572165,0.277746149478871,0.026465073155994882,0.03747982936344644,0.26988668503596597,1.45387798637007,1.3060386761315779,1.1593951572227856,1.2906349003254596,-0.11400193971301514,-0.11400193971301513,1.722356183258698,0,0.2966340933767644,0.49929377340982284,0
0.6198779084000478,1.6307337092431329,-0.09842226296572165,0.277746149478871,0.026465073155994882,0.03747982936344644,0.26988668503596597,1.45387798637007,1.3060386761315779,1.1593951572227856,1.2906349003254596,-0.09649047064704741,-0.09649047064704737,1.948051948051948,3,0.23973941368078175,1.095620364571374,0
0.6198779084000478,1.6307337092431329,-0.09842226296572165,0.277746149478871,0.026465073155994882,0.03747982936344644,0.26988668503596597,1.45387798637007,1.3060386761315779,1.1593951572227856,1.2906349003254596,0.2772778877529576,0.2772778877529576,2.3371104815864023,1,-0.3509229098805646,-0.03727126790410058,0
0.6198779084000478,1.6307337092431329,-0.09842226296572165,0.277746149478871,0.026465073155994882,0.03747982936344644,0.26988668503596597,1.45387798637007,1.3060386761315779,1.1593951572227856,1.2906349003254596,0.04018219281346283,0.040182192813462844,1.8536585365853657,0,-0.0738327904451683,0.4687492985079057,0
0.6198779084000478,1.6307337092431329,-0.09842226296572165,0.277746149478871,0.026465073155994882,0.03747982936344644,0.26988668503596597,1.45387798637007,1.3060386761315779,1.1593951572227856,1.2906349003254596,-0.2297049263911054,-0.22970492639110535,2.0374318881781566,0,0.8690553745928339,0.24630803731974613,0
0.6198779084000478,1.6307337092431329,-0.09842226296572165,0.277746149478871,0.026465073155994882,0.03747982936344644,0.26988668503596597,1.45387798637007,1.3060386761315779,1.1593951572227856,1.2906349003254596,-0.12175033027350704,-0.121750330273507,3.102866779089376,2,0.32356134636264927,-0.20780523321381023,0
0.6198779084000478,1.6307337092431329,-0.09842226296572165,0.277746149478871,0.026465073155994882,0.03747982936344644,0.26988668503596597,1.45387798637007,1.3060386761315779,1.1593951572227856,1.2906349003254596,-0.1807654654692065,-0.18076546546920644,2.5698955097430103,0,0.5737242128121607,0.39853884080613033,0
0.6198779084000478,1.6307337092431329,-0.09842226296572165,0.277746149478871,0.026465073155994882,0.03747982936344644,0.26988668503596597,1.45387798637007,1.3060386761315779,1.1593951572227856,1.2906349003254596,-0.16161363526639666,-0.16161363526639663,1.471029720804563,0,0.48251900108577633,0.6373899814869572,0
0.6198779084000478,1.6307337092431329,-0.09842226296572165,0.277746149478871,0.026465073155994882,0.03747982936344644,0.26988668503596597,1.45387798637007,1.3060386761315779,1.1593951572227856,1.2906349003254596,-0.14881310006484058,-0.14881310006484058,1.9038701622971288,0,0.4273615635179153,0.31734908857636324,0
0.6198779084000478,1.6307337092431329,-0.09842226296572165,0.277746149478871,0.026465073155994882,0.03747982936344644,0.26988668503596597,1.45387798637007,1.3060386761315779,1.1593951572227856,1.2906349003254596,-0.1606412283501186,-0.16064122835011857,2.499247214694369,1,0.4781758957654723,0.0,0
0.6198779084000478,1.6307337092431329,-0.09842226296572165,0.277746149478871,0.026465073155994882,0.03747982936344644,0.26988668503596597,1.45387798637007,1.3060386761315779,1.1593951572227856,1.2906349003254596,0.05654707924631007,0.05654707924631007,1.7605633802816902,1,-0.1007600434310532,0.014540719375086475,0
0.6198779084000478,1.6307337092431329,-0.09842226296572165,0.277746149478871,0.026465073155994882,0.03747982936344644,0.26988668503596597,1.45387798637007,1.3060386761315779,1.1593951572227856,1.2906349003254596,-0.12126022606291759,-0.12126022606291757,2.465383316447146,0,0.3218241042345277,0.56118135508594,0
0.6198779084000478,1.6307337092431329,-0.09842226296572165,0.277746149478871,0.026465073155994882,0.03747982936344644,0.26988668503596597,1.45387798637007,1.3060386761315779,1.1593951572227856,1.2906349003254596,-0.21676283295388032,-0.21676283295388024,1.3193925815285037,0,0.780456026058632,0.48048495338507685,0
0.6198779084000478,1.6307337092431329,-0.09842226296572165,0.277746149478871,0.026465073155994882,0.03747982936344644,0.26988668503596597,1.45387798637007,1.3060386761315779,1.1593951572227856,1.2906349003254596,-0.11666319439202877,-0.11666319439202874,1.8125854993160055,0,0.30575461454940284,0.5276878806609883,0
0.6198779084000478,1.6307337092431329,-0.09842226296572165,0.277746149478871,0.026465073155994882,0.03747982936344644,0.26988668503596597,1.45387798637007,1.3060386761315779,1.1593951572227856,1.2906349003254596,-0.12064573055192399,-0.12064573055192399,2.435723951285521,0,0.31965255157437567,0.571767395730827,0
0.6198779084000478,1.6307337092431329,-0.09842226296572165,0.277746149478871,0.026465073155994882,0.03747982936344644,0.26988668503596597,1.45387798637007,1.3060386761315779,1.1593951572227856,1.2906349003254596,0.044830410810295845,0.04483041081029582,2.608267716535433,3,-0.08165038002171553,1.001256692252588,0
0.6198779084000478,1.6307337092431329,-0.09842226296572165,0.277746149478871,0.026465073155994882,0.03747982936344644,0.26988668503596597,1.45387798637007,1.3060386761315779,1.1593951572227856,1.2906349003254596,-0.11039312409263902,-0.110393124092639,2.1913043478260867,0,0.28447339847991315,0.6251757337399962,0
0.6198779084000478,1.6307337092431329,-0.09842226296572165,0.277746149478871,0.026465073155994882,0.03747982936344644,0.26988668503596597,1.45387798637007,1.3060386761315779,1.1593951572227856,1.2906349003254596,0.5783956189447774,0.5783956189447773,1.9762845849802373,3,-0.5246471226927253,1.3617859899444509,0
0.6198779084000478,1.6307337092431329,-0.09842226296572165,0.277746149478871,0.026465073155994882,0.03747982936344644,0.26988668503596597,1.45387798637007,1.3060386761315779,1.1593951572227856,1.2906349003254596,0.14562046615072274,0.14562046615072274,2.1675454012888107,1,-0.22280130293159608,0.01429368834666325,0
0.6198779084000478,1.6307337092431329,-0.09842226296572165,0.277746149478871,0.026465073155994882,0.03747982936344644,0.26988668503596597,1.45387798637007,1.3060386761315779,1.1593951572227856,1.2906349003254596,-0.206375434225856,-0.20637543422585597,1.1636927851047323,0,0.7153094462540717,0.4716927484784878,0
0.6198779084000478,1.6307337092431329,-0.09842226296572165,0.277746149478871,0.026465073155994882,0.03747982936344644,0.26988668503596597,1.45387798637007,1.3060386761315779,1.1593951572227856,1.2906349003254596,-0.12321274065397936,-0.12321274065397937,3.258313738663084,0,0.3287730727470141,0.6092368089397742,0
0.6198779084000478,1.6307337092431329,-0.09842226296572165,0.277746149478871,0.026465073155994882,0.03747982936344644,0.26988668503596597,1.45387798637007,1.3060386761315779,1.1593951572227856,1.2906349003254596,1.0676880338988506,1.0676880338988506,1.7316017316017316,3,-0.6631921824104234,1.1009904206589094,0
0.6198779084000478,1.6307337092431329,-0.09842226296572165,0.277746149478871,0.026465073155994882,0.03747982936344644,0.26988668503596597,1.45387798637007,1.3060386761315779,1.1593951572227856,1.2906349003254596,-0.07491518990781143,-0.07491518990781142,2.284843869002285,0,0.1763300760043431,0.33266585678428445,0
0.6198779084000478,1.6307337092431329,-0.09842226296572165,0.277746149478871,0.026465073155994882,0.03747982936344644,0.26988668503596597,1.45387798637007,1.3060386761315779,1.1593951572227856,1.2906349003254596,-0.12211704150183136,-0.12211704150183134,1.7857142857142856,0,0.3248642779587405,0.1830671467958975,0
0.6198779084000478,1.6307337092431329,-0.09842226296572165,0.277746149478871,0.026465073155994882,0.03747982936344644,0.26988668503596597,1.45387798637007,1.3060386761315779,1.1593951572227856,1.2906349003254596,-0.19959608124833092,-0.1995960812483309,2.543046357615894,0,0.6753528773072747,0.15147794581251586,0
0.6198779084000478,1.6307337092431329,-0.09842226296572165,0.277746149478871,0.026465073155994882,0.03747982936344644,0.26988668503596597,1.45387798637007,1.3060386761315779,1.1593951572227856,1.2906349003254596,0.4924717700723579,0.4924717700723577,2.452316076294278,3,-0.4859934853420195,0.7062557553314429,0
0.6198779084000478,1.6307337092431329,-0.09842226296572165,0.277746149478871,0.026465073155994882,0.03747982936344644,0.26988668503596597,1.45387798637007,1.3060386761315779,1.1593951572227856,1.2906349003254596,-0.1996715457321535,-0.19967154573215345,1.8802966101694913,0,0.6757871878393051,0.15854955413262467,0
0.6198779084000478,1.6307337092431329,-0.09842226296572165,0.277746149478871,0.026465073155994882,0.03747982936344644,0.26988668503596597,1.45387798637007,1.3060386761315779,1.1593951572227856,1.2906349003254596,-0.08181656212849812,-0.08181656212849812,1.4601272931486335,0,0.19587404994571117,0.6668246496764361,0
0.6198779084000478,1.6307337092431329,-0.09842226296572165,0.277746149478871,0.026465073155994882,0.03747982936344644,0.26988668503596597,1.45387798637007,1.3060386761315779,1.1593951572227856,1.2906349003254596,-0.019683533873492046,-0.019683533873492032,1.6421780466724287,3,0.04082519001085776,1.1768740454842668,0
0.6198779084000478,1.6307337092431329,-0.09842226296572165,0.277746149478871,0.026465073155994882,0.03747982936344644,0.26988668503596597,1.45387798637007,1.3060386761315779,1.1593951572227856,1.2906349003254596,0.4340673960702833,0.43406739607028316,1.1955593509820666,0,-0.45559174809989145,0.28256314874987204,0
0.6198779084000478,1.6307337092431329,-0.09842226296572165,0.277746149478871,0.026465073155994882,0.03747982936344644,0.26988668503596597,1.45387798637007,1.3060386761315779,1.1593951572227856,1.2906349003254596,-0.1345008546223501,-0.13450085462235006,1.5294500488122356,0,0.37046688382193266,0.4233336583097013,0
0.6198779084000478,1.6307337092431329,-0.09842226296572165,0.277746149478871,0.026465073155994882,0.03747982936344644,0.26988668503596597,1.45387798637007,1.3060386761315779,1.1593951572227856,1.2906349003254596,-0.23850675665447627,-0.23850675665447624,1.463860933211345,3,0.9346362649294245,1.5582646815326024,0
0.6198779084000478,1.6307337092431329,-0.09842226296572165,0.277746149478871,0.026465073155994882,0.03747982936344644,0.26988668503596597,1.45387798637007,1.3060386761315779,1.1593951572227856,1.2906349003254596,22.40270403210169,22.40270403210169,2.127659574468085,0,-0.9437567861020629,0.5162500374506819,0
0.6198779084000478,1.6307337092431329,-0.09842226296572165,0.277746149478871,0.026465073155994882,0.03747982936344644,0.26988668503596597,1.45387798637007,1.3060386761315779,1.1593951572227856,1.2906349003254596,-0.04423030855186385,-0.04423030855186386,2.783462955382726,3,0.0968512486427796,1.3336033535400078,0
0.6198779084000478,1.6307337092431329,-0.09842226296572165,0.277746149478871,0.026465073155994882,0.03747982936344644,0.26988668503596597,1.45387798637007,1.3060386761315779,1.1593951572227856,1.2906349003254596,-0.16258022112959916,-0.1625802211295991,2.843460041903622,3,0.48686210640608035,3.0800018855399345,0
0.6198779084000478,1.6307337092431329,-0.09842226296572165,0.277746149478871,0.026465073155994882,0.03747982936344644,0.26988668503596597,1.45387798637007,1.3060386761315779,1.1593951572227856,1.2906349003254596,-0.0775499955447116,-0.07754999554471155,1.8539538403329547,3,0.18371335504885994,2.039091480360537,0
0.6198779084000478,1.6307337092431329,-0.09842226296572165,0.277746149478871,0.026465073155994882,0.03747982936344644,0.26988668503596597,1.45387798637007,1.3060386761315779,1.1593951572227856,1.2906349003254596,-0.18821362555066362,-0.1882136255506636,2.3140495867768593,3,0.6123778501628665,1.0798035658632912,0
0.6198779084000478,1.6307337092431329,-0.09842226296572165,0.277746149478871,0.026465073155994882,0.03747982936344644,0.26988668503596597,1.45387798637007,1.3060386761315779,1.1593951572227856,1.2906349003254596,-0.03371135598447176,-0.033711355984471766,2.0117351215423303,3,0.07209554831704669,1.5935969031933348,0
0.6198779084000478,1.6307337092431329,-0.09842226296572165,0.277746149478871,0.026465073155994882,0.03747982936344644,0.26988668503596597,1.45387798637007,1.3060386761315779,1.1593951572227856,1.2906349003254596,0.01139329118500678,0.011393291185006715,1.5214384508990317,0,-0.02214983713355049,0.6465621279154612,0
0.6198779084000478,1.6307337092431329,-0.09842226296572165,0.277746149478871,0.026465073155994882,0.03747982936344644,0.26988668503596597,1.45387798637007,1.3060386761315779,1.1593951572227856,1.2906349003254596,-0.1610308930043288,-0.16103089300432877,2.1052631578947367,0,0.4799131378935939,0.6001834542226725,0
0.6198779084000478,1.6307337092431329,-0.09842226296572165,0.277746149478871,0.026465073155994882,0.03747982936344644,0.26988668503596597,1.45387798637007,1.3060386761315779,1.1593951572227856,1.2906349003254596,-0.16171055493533304,-0.161710554935333,2.250900360144058,3,0.48295331161780675,1.2863743882338803,0
0.6198779084000478,1.6307337092431329,-0.09842226296572165,0.277746149478871,0.026465073155994882,0.03747982936344644,0.26988668503596597,1.45387798637007,1.3060386761315779,1.1593951572227856,1.2906349003254596,1075.2163882282473,1075.2163882282473,0.0,3,-0.9637350705754615,2.2843806080822033,0
0.6198779084000478,1.6307337092431329,-0.09842226296572165,0.277746149478871,0.026465073155994882,0.03747982936344644,0.26988668503596597,1.45387798637007,1.3060386761315779,1.1593951572227856,1.2906349003254596,-0.2401835618487598,-0.24018356184875977,2.453430258973194,0,0.9476655808903366,0.6672450612070862,0
0.6198779084000478,1.6307337092431329,-0.09842226296572165,0.277746149478871,0.026465073155994882,0.03747982936344644,0.26988668503596597,1.45387798637007,1.3060386761315779,1.1593951572227856,1.2906349003254596,-0.2188792045159131,-0.21887920451591308,1.4077550012348727,0,0.7943539630836047,0.6917855875078579,0
0.6198779084000478,1.6307337092431329,-0.09842226296572165,0.277746149478871,0.026465073155994882,0.03747982936344644,0.26988668503596597,1.45387798637007,1.3060386761315779,1.1593951572227856,1.2906349003254596,-0.01295815357382869,-0.012958153573828684,2.1920210434020166,3,0.026492942453854505,1.4152225204882376,0
0.6198779084000478,1.6307337092431329,-0.09842226296572165,0.277746149478871,0.026465073155994882,0.03747982936344644,0.26988668503596597,1.45387798637007,1.3060386761315779,1.1593951572227856,1.2906349003254596,-0.14881310006484058,-0.14881310006484058,2.247191011235955,3,0.4273615635179153,1.319981444435853,0
0.6198779084000478,1.6307337092431329,-0.09842226296572165,0.277746149478871,0.026465073155994882,0.03747982936344644,0.26988668503596597,1.45387798637007,1.3060386761315779,1.1593951572227856,1.2906349003254596,0.007311453626592362,0.007311453626592346,2.423411065386374,3,-0.014332247557003257,3.6764400903091774,0
0.6198779084000478,1.6307337092431329,-0.09842226296572165,0.277746149478871,0.026465073155994882,0.03747982936344644,0.26988668503596597,1.45387798637007,1.3060386761315779,1.1593951572227856,1.2906349003254596,-0.08848924381168043,-0.08848924381168038,2.0986745213549334,3,0.21541802388707926,0.8552572826611802,0
0.6198779084000478,1.6307337092431329,-0.09842226296572165,0.277746149478871,0.026465073155994882,0.03747982936344644,0.26988668503596597,1.45387798637007,1.3060386761315779,1.1593951572227856,1.2906349003254596,-0.17311368432204285,-0.17311368432204283,1.795020266357846,3,0.5359391965255157,2.443082654673321,0
0.6198779084000478,1.6307337092431329,-0.09842226296572165,0.277746149478871,0.026465073155994882,0.03747982936344644,0.26988668503596597,1.45387798637007,1.3060386761315779,1.1593951572227856,1.2906349003254596,0.5954710501272211,0.5954710501272211,1.6064257028112447,3,-0.5315960912052117,3.42418138795965,0
0.6198779084000478,1.6307337092431329,-0.09842226296572165,0.277746149478871,0.026465073155994882,0.03747982936344644,0.26988668503596597,1.45387798637007,1.3060386761315779,1.1593951572227856,1.2906349003254596,-0.1265796100324267,-0.12657961003242668,1.5307820299500832,3,0.34093376764386535,2.7170155394922775,0
0.6198779084000478,1.6307337092431329,-0.09842226296572165,0.277746149478871,0.026465073155994882,0.03747982936344644,0.26988668503596597,1.45387798637007,1.3060386761315779,1.1593951572227856,1.2906349003254596,-0.20420049647811175,-0.2042004964781117,2.0589001824341935,3,0.7022801302931596,1.1824803315906043,0
0.6198779084000478,1.6307337092431329,-0.09842226296572165,0.277746149478871,0.026465073155994882,0.03747982936344644,0.26988668503596597,1.45387798637007,1.3060386761315779,1.1593951572227856,1.2906349003254596,-0.16506647403332694,-0.16506647403332692,1.485001485001485,3,0.4981541802388708,2.9368537201296325,0
0.6198779084000478,1.6307337092431329,-0.09842226296572165,0.277746149478871,0.026465073155994882,0.03747982936344644,0.26988668503596597,1.45387798637007,1.3060386761315779,1.1593951572227856,1.2906349003254596,-0.23321797725570895,-0.23321797725570895,1.9626168224299065,3,0.8946796959826275,1.2937947550269624,0
0.6198779084000478,1.6307337092431329,-0.09842226296572165,0.277746149478871,0.026465073155994882,0.03747982936344644,0.26988668503596597,1.45387798637007,1.3060386761315779,1.1593951572227856,1.2906349003254596,0.03561489157092677,0.035614891570926774,1.4990328820116054,3,-0.06601520086862106,4.853796506493941,0
0.6198779084000478,1.6307337092431329,-0.09842226296572165,0.277746149478871,0.026465073155994882,0.03747982936344644,0.26988668503596597,1.45387798637007,1.3060386761315779,1.1593951572227856,1.2906349003254596,-0.2065192308337322,-0.20651923083373216,1.9384853967433446,3,0.7161780673181325,1.5535102917305592,0
0.6198779084000478,1.6307337092431329,-0.09842226296572165,0.277746149478871,0.026465073155994882,0.03747982936344644,0.26988668503596597,1.45387798637007,1.3060386761315779,1.1593951572227856,1.2906349003254596,-0.07984683514187656,-0.07984683514187658,1.5425131677953348,3,0.19022801302931597,3.2484862621733113,0
0.6198779084000478,1.6307337092431329,-0.09842226296572165,0.277746149478871,0.026465073155994882,0.03747982936344644,0.26988668503596597,1.45387798637007,1.3060386761315779,1.1593951572227856,1.2906349003254596,-0.1523384409083598,-0.15233844090835977,1.7912291537986413,3,0.442128121606949,3.740918886977114,0
0.6198779084000478,1.6307337092431329,-0.09842226296572165,0.277746149478871,0.026465073155994882,0.03747982936344644,0.26988668503596597,1.45387798637007,1.3060386761315779,1.1593951572227856,1.2906349003254596,-0.2120136310930765,-0.21201363109307644,1.8495059538890297,3,0.7500542888165038,1.4399283790310973,0
0.6198779084000478,1.6307337092431329,-0.09842226296572165,0.277746149478871,0.026465073155994882,0.03747982936344644,0.26988668503596597,1.45387798637007,1.3060386761315779,1.1593951572227856,1.2906349003254596,358.08242942797426,358.0824294279742,0.0,3,-0.9628664495114007,2.4972141104909937,0
0.6198779084000478,1.6307337092431329,-0.09842226296572165,0.277746149478871,0.026465073155994882,0.03747982936344644,0.26988668503596597,1.45387798637007,1.3060386761315779,1.1593951572227856,1.2906349003254596,-0.1432742937992726,-0.14327429379927256,1.8718274111675128,3,0.4047774158523344,4.951680200270888,0
0.6198779084000478,1.6307337092431329,-0.09842226296572165,0.277746149478871,0.026465073155994882,0.03747982936344644,0.26988668503596597,1.45387798637007,1.3060386761315779,1.1593951572227856,1.2906349003254596,0.4492182033588422,0.4492182033588422,1.4756944444444444,3,-0.4638436482084691,1.4175874550828012,0
0.6198779084000478,1.6307337092431329,-0.09842226296572165,0.277746149478871,0.026465073155994882,0.03747982936344644,0.26988668503596597,1.45387798637007,1.3060386761315779,1.1593951572227856,1.2906349003254596,-0.021683819752531912,-0.02168381975253193,2.8399311531841653,3,0.04516829533116178,4.803721922931451,0
0.6198779084000478,1.6307337092431329,-0.09842226296572165,0.277746149478871,0.026465073155994882,0.03747982936344644,0.26988668503596597,1.45387798637007,1.3060386761315779,1.1593951572227856,1.2906349003254596,-0.20823326571477166,-0.20823326571477166,1.592602106344721,3,0.7266015200868621,6.279488194325826,0
0.6198779084000478,1.6307337092431329,-0.09842226296572165,0.277746149478871,0.026465073155994882,0.03747982936344644,0.26988668503596597,1.45387798637007,1.3060386761315779,1.1593951572227856,1.2906349003254596,-0.19334776907615028,-0.19334776907615026,1.8949648077964267,3,0.6401737242128122,8.63094820474941,0
0.6198779084000478,1.6307337092431329,-0.09842226296572165,0.277746149478871,0.026465073155994882,0.03747982936344644,0.26988668503596597,1.45387798637007,1.3060386761315779,1.1593951572227856,1.2906349003254596,-0.1475509313727447,-0.1475509313727447,2.600250626566416,3,0.4221498371335505,12.607692340540035,0
