COUNTY,CNTY_CODE,FIPS_CODE,SRPREC_KEY,SRPREC,ADDIST,CDDIST,SDDIST,BEDIST,G20PRELJOR,G20PREGHAW,G20PREAFUE,G20PREPLAR,total_votes,precinct_area,hispanic_cvap_share,hispanic_turnout_rate,hispanic_expected_voters,black_cvap_share,black_turnout_rate,black_expected_voters,asian_cvap_share,asian_turnout_rate,asian_expected_voters,white_cvap_share,white_turnout_rate,white_expected_voters,total_cvap,weighted_turnout,dem_total_raised,dem_total_spent,dem_cash_on_hand,dem_individual_contributions,rep_total_raised,rep_total_spent,rep_cash_on_hand,rep_individual_contributions,fundraising_advantage,spending_advantage,dem_fundraising_share,dem_spending_share
Alameda,1,6001,6001450930,450930,18,13,9,2,0,0,0,0,1,0.013665277592065248,0.5143447212571685,0.54,106647.3,0.04200805262856339,0.63,10161.9,0.06352513451431607,0.59,14391.279999999999,0.3801220915999521,0.71,103629.47,383974,0.6115777370342783,5416262.01,4671627.25,799009.45,4813067.49,4147091.59,3213218.23,959391.99,1579691.68,1269170.42,1458409.02,56.63559287403114,59.24817755591578
Alameda,1,6001,6001456610,456610,18,13,9,2,0,0,0,0,0,0.029511847871256113,0.5143447212571685,0.54,106647.3,0.04200805262856339,0.63,10161.9,0.06352513451431607,0.59,14391.279999999999,0.3801220915999521,0.71,103629.47,383974,0.6115777370342783,5416262.01,4671627.25,799009.45,4813067.49,4147091.59,3213218.23,959391.99,1579691.68,1269170.42,1458409.02,56.63559287403114,59.24817755591578
Alameda,1,6001,6001454230,454230,18,13,9,2,0,0,0,0,0,0.03045856214724813,0.5143447212571685,0.54,106647.3,0.04200805262856339,0.63,10161.9,0.06352513451431607,0.59,14391.279999999999,0.3801220915999521,0.71,103629.47,383974,0.6115777370342783,5416262.01,4671627.25,799009.45,4813067.49,4147091.59,3213218.23,959391.99,1579691.68,1269170.42,1458409.02,56.63559287403114,59.24817755591578
Alameda,1,6001,6001450620,450620,18,13,9,2,0,0,0,0,0,0.041401947495544426,0.5143447212571685,0.54,106647.3,0.04200805262856339,0.63,10161.9,0.06352513451431607,0.59,14391.279999999999,0.3801220915999521,0.71,103629.47,383974,0.6115777370342783,5416262.01,4671627.25,799009.45,4813067.49,4147091.59,3213218.23,959391.99,1579691.68,1269170.42,1458409.02,56.63559287403114,59.24817755591578
Alameda,1,6001,6001323400,323400,18,13,9,2,0,0,0,0,0,0.0498245820379251,0.5143447212571685,0.54,106647.3,0.04200805262856339,0.63,10161.9,0.06352513451431607,0.59,14391.279999999999,0.3801220915999521,0.71,103629.47,383974,0.6115777370342783,5416262.01,4671627.25,799009.45,4813067.49,4147091.59,3213218.23,959391.99,1579691.68,1269170.42,1458409.02,56.63559287403114,59.24817755591578
Alameda,1,6001,6001207640,207640,15,13,9,2,2,3,1,2,208,0.06524797679805945,0.5143447212571685,0.54,106647.3,0.04200805262856339,0.63,10161.9,0.06352513451431607,0.59,14391.279999999999,0.3801220915999521,0.71,103629.47,383974,0.6115777370342783,5416262.01,4671627.25,799009.45,4813067.49,4147091.59,3213218.23,959391.99,1579691.68,1269170.42,1458409.02,56.63559287403114,59.24817755591578
Alameda,1,6001,6001454600,454600,18,13,10,2,0,0,0,0,0,0.05047915400610192,0.5143447212571685,0.54,106647.3,0.04200805262856339,0.63,10161.9,0.06352513451431607,0.59,14391.279999999999,0.3801220915999521,0.71,103629.47,383974,0.6115777370342783,5416262.01,4671627.25,799009.45,4813067.49,4147091.59,3213218.23,959391.99,1579691.68,1269170.42,1458409.02,56.63559287403114,59.24817755591578
Alameda,1,6001,6001344020,344020,18,13,9,2,1,1,1,0,108,0.07441742986966901,0.5143447212571685,0.54,106647.3,0.04200805262856339,0.63,10161.9,0.06352513451431607,0.59,14391.279999999999,0.3801220915999521,0.71,103629.47,383974,0.6115777370342783,5416262.01,4671627.25,799009.45,4813067.49,4147091.59,3213218.23,959391.99,1579691.68,1269170.42,1458409.02,56.63559287403114,59.24817755591578
Alameda,1,6001,6001202010,202010,15,13,9,2,1,5,0,0,180,0.07033102200645151,0.5143447212571685,0.54,106647.3,0.04200805262856339,0.63,10161.9,0.06352513451431607,0.59,14391.279999999999,0.3801220915999521,0.71,103629.47,383974,0.6115777370342783,5416262.01,4671627.25,799009.45,4813067.49,4147091.59,3213218.23,959391.99,1579691.68,1269170.42,1458409.02,56.63559287403114,59.24817755591578
Alameda,1,6001,6001484000,484000,18,13,9,2,0,0,0,0,2,0.09632847546027103,0.5143447212571685,0.54,106647.3,0.04200805262856339,0.63,10161.9,0.06352513451431607,0.59,14391.279999999999,0.3801220915999521,0.71,103629.47,383974,0.6115777370342783,5416262.01,4671627.25,799009.45,4813067.49,4147091.59,3213218.23,959391.99,1579691.68,1269170.42,1458409.02,56.63559287403114,59.24817755591578
Alameda,1,6001,6001333300,333300,18,13,9,2,2,0,1,1,68,0.09550483252934724,0.5143447212571685,0.54,106647.3,0.04200805262856339,0.63,10161.9,0.06352513451431607,0.59,14391.279999999999,0.3801220915999521,0.71,103629.47,383974,0.6115777370342783,5416262.01,4671627.25,799009.45,4813067.49,4147091.59,3213218.23,959391.99,1579691.68,1269170.42,1458409.02,56.63559287403114,59.24817755591578
Alameda,1,6001,6001204000,204000,15,13,9,2,0,2,0,0,209,0.10195598797149204,0.5143447212571685,0.54,106647.3,0.04200805262856339,0.63,10161.9,0.06352513451431607,0.59,14391.279999999999,0.3801220915999521,0.71,103629.47,383974,0.6115777370342783,5416262.01,4671627.25,799009.45,4813067.49,4147091.59,3213218.23,959391.99,1579691.68,1269170.42,1458409.02,56.63559287403114,59.24817755591578
Alameda,1,6001,6001224300,224300,18,13,9,2,0,1,0,2,171,0.10846763960431904,0.5143447212571685,0.54,106647.3,0.04200805262856339,0.63,10161.9,0.06352513451431607,0.59,14391.279999999999,0.3801220915999521,0.71,103629.47,383974,0.6115777370342783,5416262.01,4671627.25,799009.45,4813067.49,4147091.59,3213218.23,959391.99,1579691.68,1269170.42,1458409.02,56.63559287403114,59.24817755591578
Alameda,1,6001,6001416220,416220,18,13,9,2,0,0,0,0,0,0.04838853216263497,0.5143447212571685,0.54,106647.3,0.04200805262856339,0.63,10161.9,0.06352513451431607,0.59,14391.279999999999,0.3801220915999521,0.71,103629.47,383974,0.6115777370342783,5416262.01,4671627.25,799009.45,4813067.49,4147091.59,3213218.23,959391.99,1579691.68,1269170.42,1458409.02,56.63559287403114,59.24817755591578
Alameda,1,6001,6001454510,454510,18,13,10,2,0,0,0,0,0,0.08762732997066597,0.5143447212571685,0.54,106647.3,0.04200805262856339,0.63,10161.9,0.06352513451431607,0.59,14391.279999999999,0.3801220915999521,0.71,103629.47,383974,0.6115777370342783,5416262.01,4671627.25,799009.45,4813067.49,4147091.59,3213218.23,959391.99,1579691.68,1269170.42,1458409.02,56.63559287403114,59.24817755591578
Alameda,1,6001,6001224420,224420,18,13,9,2,1,0,1,0,54,0.10020407870191078,0.5143447212571685,0.54,106647.3,0.04200805262856339,0.63,10161.9,0.06352513451431607,0.59,14391.279999999999,0.3801220915999521,0.71,103629.47,383974,0.6115777370342783,5416262.01,4671627.25,799009.45,4813067.49,4147091.59,3213218.23,959391.99,1579691.68,1269170.42,1458409.02,56.63559287403114,59.24817755591578
Alameda,1,6001,6001450920,450920,18,13,9,2,0,0,0,0,0,0.10916401256954096,0.5143447212571685,0.54,106647.3,0.04200805262856339,0.63,10161.9,0.06352513451431607,0.59,14391.279999999999,0.3801220915999521,0.71,103629.47,383974,0.6115777370342783,5416262.01,4671627.25,799009.45,4813067.49,4147091.59,3213218.23,959391.99,1579691.68,1269170.42,1458409.02,56.63559287403114,59.24817755591578
Alameda,1,6001,6001202500,202500,15,13,9,2,11,8,2,7,518,0.1783192684043002,0.5143447212571685,0.54,106647.3,0.04200805262856339,0.63,10161.9,0.06352513451431607,0.59,14391.279999999999,0.3801220915999521,0.71,103629.47,383974,0.6115777370342783,5416262.01,4671627.25,799009.45,4813067.49,4147091.59,3213218.23,959391.99,1579691.68,1269170.42,1458409.02,56.63559287403114,59.24817755591578
Alameda,1,6001,6001454220,454220,18,13,10,2,0,0,0,0,52,0.04821361952095372,0.5143447212571685,0.54,106647.3,0.04200805262856339,0.63,10161.9,0.06352513451431607,0.59,14391.279999999999,0.3801220915999521,0.71,103629.47,383974,0.6115777370342783,5416262.01,4671627.25,799009.45,4813067.49,4147091.59,3213218.23,959391.99,1579691.68,1269170.42,1458409.02,56.63559287403114,59.24817755591578
Alameda,1,6001,6001442610,442610,20,13,10,2,3,3,3,1,274,0.19460847086022434,0.5143447212571685,0.54,106647.3,0.04200805262856339,0.63,10161.9,0.06352513451431607,0.59,14391.279999999999,0.3801220915999521,0.71,103629.47,383974,0.6115777370342783,5416262.01,4671627.25,799009.45,4813067.49,4147091.59,3213218.23,959391.99,1579691.68,1269170.42,1458409.02,56.63559287403114,59.24817755591578
Alameda,1,6001,6001208650,208650,15,13,9,2,2,2,1,1,321,0.15879594934772423,0.5143447212571685,0.54,106647.3,0.04200805262856339,0.63,10161.9,0.06352513451431607,0.59,14391.279999999999,0.3801220915999521,0.71,103629.47,383974,0.6115777370342783,5416262.01,4671627.25,799009.45,4813067.49,4147091.59,3213218.23,959391.99,1579691.68,1269170.42,1458409.02,56.63559287403114,59.24817755591578
Alameda,1,6001,6001208600,208600,15,13,9,2,1,11,1,2,626,0.2243650919008014,0.5143447212571685,0.54,106647.3,0.04200805262856339,0.63,10161.9,0.06352513451431607,0.59,14391.279999999999,0.3801220915999521,0.71,103629.47,383974,0.6115777370342783,5416262.01,4671627.25,799009.45,4813067.49,4147091.59,3213218.23,959391.99,1579691.68,1269170.42,1458409.02,56.63559287403114,59.24817755591578
Alameda,1,6001,6001355210,355210,18,13,9,2,0,3,0,2,293,0.18390876648798246,0.5143447212571685,0.54,106647.3,0.04200805262856339,0.63,10161.9,0.06352513451431607,0.59,14391.279999999999,0.3801220915999521,0.71,103629.47,383974,0.6115777370342783,5416262.01,4671627.25,799009.45,4813067.49,4147091.59,3213218.23,959391.99,1579691.68,1269170.42,1458409.02,56.63559287403114,59.24817755591578
Alameda,1,6001,6001344100,344100,18,13,9,2,2,10,1,3,524,0.2706743086037306,0.5143447212571685,0.54,106647.3,0.04200805262856339,0.63,10161.9,0.06352513451431607,0.59,14391.279999999999,0.3801220915999521,0.71,103629.47,383974,0.6115777370342783,5416262.01,4671627.25,799009.45,4813067.49,4147091.59,3213218.23,959391.99,1579691.68,1269170.42,1458409.02,56.63559287403114,59.24817755591578
Alameda,1,6001,6001364020,364020,18,13,9,2,0,0,0,0,10,0.20274811657679628,0.5143447212571685,0.54,106647.3,0.04200805262856339,0.63,10161.9,0.06352513451431607,0.59,14391.279999999999,0.3801220915999521,0.71,103629.47,383974,0.6115777370342783,5416262.01,4671627.25,799009.45,4813067.49,4147091.59,3213218.23,959391.99,1579691.68,1269170.42,1458409.02,56.63559287403114,59.24817755591578
Alameda,1,6001,6001353800,353800,18,13,9,2,5,4,2,3,510,0.3720105390611446,0.5143447212571685,0.54,106647.3,0.04200805262856339,0.63,10161.9,0.06352513451431607,0.59,14391.279999999999,0.3801220915999521,0.71,103629.47,383974,0.6115777370342783,5416262.01,4671627.25,799009.45,4813067.49,4147091.59,3213218.23,959391.99,1579691.68,1269170.42,1458409.02,56.63559287403114,59.24817755591578
Alameda,1,6001,6001333420,333420,18,13,9,2,0,0,0,0,9,0.32336842259229537,0.5143447212571685,0.54,106647.3,0.04200805262856339,0.63,10161.9,0.06352513451431607,0.59,14391.279999999999,0.3801220915999521,0.71,103629.47,383974,0.6115777370342783,5416262.01,4671627.25,799009.45,4813067.49,4147091.59,3213218.23,959391.99,1579691.68,1269170.42,1458409.02,56.63559287403114,59.24817755591578
Alameda,1,6001,6001443600,443600,20,13,10,2,2,0,2,1,315,0.30240556460433227,0.5143447212571685,0.54,106647.3,0.04200805262856339,0.63,10161.9,0.06352513451431607,0.59,14391.279999999999,0.3801220915999521,0.71,103629.47,383974,0.6115777370342783,5416262.01,4671627.25,799009.45,4813067.49,4147091.59,3213218.23,959391.99,1579691.68,1269170.42,1458409.02,56.63559287403114,59.24817755591578
Alameda,1,6001,6001333210,333210,18,13,9,2,9,1,0,3,475,0.15720315079426606,0.5143447212571685,0.54,106647.3,0.04200805262856339,0.63,10161.9,0.06352513451431607,0.59,14391.279999999999,0.3801220915999521,0.71,103629.47,383974,0.6115777370342783,5416262.01,4671627.25,799009.45,4813067.49,4147091.59,3213218.23,959391.99,1579691.68,1269170.42,1458409.02,56.63559287403114,59.24817755591578
Alameda,1,6001,6001347110,347110,18,13,9,2,2,1,1,1,388,0.3126938674202496,0.5143447212571685,0.54,106647.3,0.04200805262856339,0.63,10161.9,0.06352513451431607,0.59,14391.279999999999,0.3801220915999521,0.71,103629.47,383974,0.6115777370342783,5416262.01,4671627.25,799009.45,4813067.49,4147091.59,3213218.23,959391.99,1579691.68,1269170.42,1458409.02,56.63559287403114,59.24817755591578
Alameda,1,6001,6001334510,334510,18,13,9,2,0,1,0,0,4,0.19380111865427146,0.5143447212571685,0.54,106647.3,0.04200805262856339,0.63,10161.9,0.06352513451431607,0.59,14391.279999999999,0.3801220915999521,0.71,103629.47,383974,0.6115777370342783,5416262.01,4671627.25,799009.45,4813067.49,4147091.59,3213218.23,959391.99,1579691.68,1269170.42,1458409.02,56.63559287403114,59.24817755591578
Alameda,1,6001,6001204300,204300,15,13,9,2,9,15,5,4,1011,0.38060386440005894,0.5143447212571685,0.54,106647.3,0.04200805262856339,0.63,10161.9,0.06352513451431607,0.59,14391.279999999999,0.3801220915999521,0.71,103629.47,383974,0.6115777370342783,5416262.01,4671627.25,799009.45,4813067.49,4147091.59,3213218.23,959391.99,1579691.68,1269170.42,1458409.02,56.63559287403114,59.24817755591578
Alameda,1,6001,6001325500,325500,18,13,9,2,19,22,2,18,2667,0.4213256870311539,0.5143447212571685,0.54,106647.3,0.04200805262856339,0.63,10161.9,0.06352513451431607,0.59,14391.279999999999,0.3801220915999521,0.71,103629.47,383974,0.6115777370342783,5416262.01,4671627.25,799009.45,4813067.49,4147091.59,3213218.23,959391.99,1579691.68,1269170.42,1458409.02,56.63559287403114,59.24817755591578
Alameda,1,6001,6001347210,347210,18,13,9,2,3,0,0,0,224,0.1846199694254595,0.5143447212571685,0.54,106647.3,0.04200805262856339,0.63,10161.9,0.06352513451431607,0.59,14391.279999999999,0.3801220915999521,0.71,103629.47,383974,0.6115777370342783,5416262.01,4671627.25,799009.45,4813067.49,4147091.59,3213218.23,959391.99,1579691.68,1269170.42,1458409.02,56.63559287403114,59.24817755591578
Alameda,1,6001,6001336900,336900,18,13,9,2,5,6,1,2,752,0.5206760164871013,0.5143447212571685,0.54,106647.3,0.04200805262856339,0.63,10161.9,0.06352513451431607,0.59,14391.279999999999,0.3801220915999521,0.71,103629.47,383974,0.6115777370342783,5416262.01,4671627.25,799009.45,4813067.49,4147091.59,3213218.23,959391.99,1579691.68,1269170.42,1458409.02,56.63559287403114,59.24817755591578
Alameda,1,6001,6001204900,204900,15,13,9,2,7,11,2,6,901,0.42595607597536617,0.5143447212571685,0.54,106647.3,0.04200805262856339,0.63,10161.9,0.06352513451431607,0.59,14391.279999999999,0.3801220915999521,0.71,103629.47,383974,0.6115777370342783,5416262.01,4671627.25,799009.45,4813067.49,4147091.59,3213218.23,959391.99,1579691.68,1269170.42,1458409.02,56.63559287403114,59.24817755591578
Alameda,1,6001,6001455700,455700,18,13,9,2,1,2,3,0,463,0.3762156190364587,0.5143447212571685,0.54,106647.3,0.04200805262856339,0.63,10161.9,0.06352513451431607,0.59,14391.279999999999,0.3801220915999521,0.71,103629.47,383974,0.6115777370342783,5416262.01,4671627.25,799009.45,4813067.49,4147091.59,3213218.23,959391.99,1579691.68,1269170.42,1458409.02,56.63559287403114,59.24817755591578
Alameda,1,6001,6001325400,325400,18,13,9,2,18,27,12,15,2691,0.5620049488266676,0.5143447212571685,0.54,106647.3,0.04200805262856339,0.63,10161.9,0.06352513451431607,0.59,14391.279999999999,0.3801220915999521,0.71,103629.47,383974,0.6115777370342783,5416262.01,4671627.25,799009.45,4813067.49,4147091.59,3213218.23,959391.99,1579691.68,1269170.42,1458409.02,56.63559287403114,59.24817755591578
Alameda,1,6001,6001455200,455200,18,13,10,2,2,1,2,3,439,0.3685193901699635,0.5143447212571685,0.54,106647.3,0.04200805262856339,0.63,10161.9,0.06352513451431607,0.59,14391.279999999999,0.3801220915999521,0.71,103629.47,383974,0.6115777370342783,5416262.01,4671627.25,799009.45,4813067.49,4147091.59,3213218.23,959391.99,1579691.68,1269170.42,1458409.02,56.63559287403114,59.24817755591578
Alameda,1,6001,6001203800,203800,15,13,9,2,6,9,2,7,1220,0.5903033371279333,0.5143447212571685,0.54,106647.3,0.04200805262856339,0.63,10161.9,0.06352513451431607,0.59,14391.279999999999,0.3801220915999521,0.71,103629.47,383974,0.6115777370342783,5416262.01,4671627.25,799009.45,4813067.49,4147091.59,3213218.23,959391.99,1579691.68,1269170.42,1458409.02,56.63559287403114,59.24817755591578
Alameda,1,6001,6001455010,455010,18,13,9,2,0,0,0,2,308,0.4218738664376752,0.5143447212571685,0.54,106647.3,0.04200805262856339,0.63,10161.9,0.06352513451431607,0.59,14391.279999999999,0.3801220915999521,0.71,103629.47,383974,0.6115777370342783,5416262.01,4671627.25,799009.45,4813067.49,4147091.59,3213218.23,959391.99,1579691.68,1269170.42,1458409.02,56.63559287403114,59.24817755591578
Alameda,1,6001,6001204210,204210,15,13,9,2,11,17,3,5,1721,0.6334769190889608,0.5143447212571685,0.54,106647.3,0.04200805262856339,0.63,10161.9,0.06352513451431607,0.59,14391.279999999999,0.3801220915999521,0.71,103629.47,383974,0.6115777370342783,5416262.01,4671627.25,799009.45,4813067.49,4147091.59,3213218.23,959391.99,1579691.68,1269170.42,1458409.02,56.63559287403114,59.24817755591578
Alameda,1,6001,6001455100,455100,18,13,9,2,4,3,3,4,687,0.677842931436351,0.5143447212571685,0.54,106647.3,0.04200805262856339,0.63,10161.9,0.06352513451431607,0.59,14391.279999999999,0.3801220915999521,0.71,103629.47,383974,0.6115777370342783,5416262.01,4671627.25,799009.45,4813067.49,4147091.59,3213218.23,959391.99,1579691.68,1269170.42,1458409.02,56.63559287403114,59.24817755591578
Alameda,1,6001,6001335200,335200,15,13,9,2,4,9,4,8,678,0.4686020930081292,0.5143447212571685,0.54,106647.3,0.04200805262856339,0.63,10161.9,0.06352513451431607,0.59,14391.279999999999,0.3801220915999521,0.71,103629.47,383974,0.6115777370342783,5416262.01,4671627.25,799009.45,4813067.49,4147091.59,3213218.23,959391.99,1579691.68,1269170.42,1458409.02,56.63559287403114,59.24817755591578
Alameda,1,6001,6001400100,400100,18,13,9,2,7,4,2,0,638,0.6434364851707743,0.5143447212571685,0.54,106647.3,0.04200805262856339,0.63,10161.9,0.06352513451431607,0.59,14391.279999999999,0.3801220915999521,0.71,103629.47,383974,0.6115777370342783,5416262.01,4671627.25,799009.45,4813067.49,4147091.59,3213218.23,959391.99,1579691.68,1269170.42,1458409.02,56.63559287403114,59.24817755591578
Alameda,1,6001,6001453920,453920,18,13,9,2,2,6,2,5,730,0.8600176158880926,0.5143447212571685,0.54,106647.3,0.04200805262856339,0.63,10161.9,0.06352513451431607,0.59,14391.279999999999,0.3801220915999521,0.71,103629.47,383974,0.6115777370342783,5416262.01,4671627.25,799009.45,4813067.49,4147091.59,3213218.23,959391.99,1579691.68,1269170.42,1458409.02,56.63559287403114,59.24817755591578
Alameda,1,6001,6001333800,333800,18,13,9,2,14,32,6,17,2495,0.597031334524928,0.5143447212571685,0.54,106647.3,0.04200805262856339,0.63,10161.9,0.06352513451431607,0.59,14391.279999999999,0.3801220915999521,0.71,103629.47,383974,0.6115777370342783,5416262.01,4671627.25,799009.45,4813067.49,4147091.59,3213218.23,959391.99,1579691.68,1269170.42,1458409.02,56.63559287403114,59.24817755591578
Alameda,1,6001,6001333410,333410,18,13,9,2,17,7,4,2,1559,1.0081340833693535,0.5143447212571685,0.54,106647.3,0.04200805262856339,0.63,10161.9,0.06352513451431607,0.59,14391.279999999999,0.3801220915999521,0.71,103629.47,383974,0.6115777370342783,5416262.01,4671627.25,799009.45,4813067.49,4147091.59,3213218.23,959391.99,1579691.68,1269170.42,1458409.02,56.63559287403114,59.24817755591578
Alameda,1,6001,6001225710,225710,18,13,9,2,12,35,10,7,2549,0.8804003493572461,0.5143447212571685,0.54,106647.3,0.04200805262856339,0.63,10161.9,0.06352513451431607,0.59,14391.279999999999,0.3801220915999521,0.71,103629.47,383974,0.6115777370342783,5416262.01,4671627.25,799009.45,4813067.49,4147091.59,3213218.23,959391.99,1579691.68,1269170.42,1458409.02,56.63559287403114,59.24817755591578
Alameda,1,6001,6001454700,454700,18,13,10,2,5,2,0,2,286,0.38087629687199426,0.5143447212571685,0.54,106647.3,0.04200805262856339,0.63,10161.9,0.06352513451431607,0.59,14391.279999999999,0.3801220915999521,0.71,103629.47,383974,0.6115777370342783,5416262.01,4671627.25,799009.45,4813067.49,4147091.59,3213218.23,959391.99,1579691.68,1269170.42,1458409.02,56.63559287403114,59.24817755591578
Alameda,1,6001,6001206600,206600,15,13,9,2,9,22,8,14,1608,0.6959995267806336,0.5143447212571685,0.54,106647.3,0.04200805262856339,0.63,10161.9,0.06352513451431607,0.59,14391.279999999999,0.3801220915999521,0.71,103629.47,383974,0.6115777370342783,5416262.01,4671627.25,799009.45,4813067.49,4147091.59,3213218.23,959391.99,1579691.68,1269170.42,1458409.02,56.63559287403114,59.24817755591578
Alameda,1,6001,6001453300,453300,18,13,9,2,4,2,2,2,642,0.7759734665266634,0.5143447212571685,0.54,106647.3,0.04200805262856339,0.63,10161.9,0.06352513451431607,0.59,14391.279999999999,0.3801220915999521,0.71,103629.47,383974,0.6115777370342783,5416262.01,4671627.25,799009.45,4813067.49,4147091.59,3213218.23,959391.99,1579691.68,1269170.42,1458409.02,56.63559287403114,59.24817755591578
Alameda,1,6001,6001209200,209200,15,13,9,2,7,22,4,7,2184,1.1077421314287141,0.5143447212571685,0.54,106647.3,0.04200805262856339,0.63,10161.9,0.06352513451431607,0.59,14391.279999999999,0.3801220915999521,0.71,103629.47,383974,0.6115777370342783,5416262.01,4671627.25,799009.45,4813067.49,4147091.59,3213218.23,959391.99,1579691.68,1269170.42,1458409.02,56.63559287403114,59.24817755591578
Alameda,1,6001,6001215500,215500,15,13,9,2,12,11,3,7,2337,1.0926888318898351,0.5143447212571685,0.54,106647.3,0.04200805262856339,0.63,10161.9,0.06352513451431607,0.59,14391.279999999999,0.3801220915999521,0.71,103629.47,383974,0.6115777370342783,5416262.01,4671627.25,799009.45,4813067.49,4147091.59,3213218.23,959391.99,1579691.68,1269170.42,1458409.02,56.63559287403114,59.24817755591578
Alameda,1,6001,6001215900,215900,15,13,9,2,7,12,4,4,749,0.6350793965410341,0.5143447212571685,0.54,106647.3,0.04200805262856339,0.63,10161.9,0.06352513451431607,0.59,14391.279999999999,0.3801220915999521,0.71,103629.47,383974,0.6115777370342783,5416262.01,4671627.25,799009.45,4813067.49,4147091.59,3213218.23,959391.99,1579691.68,1269170.42,1458409.02,56.63559287403114,59.24817755591578
Alameda,1,6001,6001206200,206200,15,13,9,2,8,24,1,8,2069,0.9223377787480409,0.5143447212571685,0.54,106647.3,0.04200805262856339,0.63,10161.9,0.06352513451431607,0.59,14391.279999999999,0.3801220915999521,0.71,103629.47,383974,0.6115777370342783,5416262.01,4671627.25,799009.45,4813067.49,4147091.59,3213218.23,959391.99,1579691.68,1269170.42,1458409.02,56.63559287403114,59.24817755591578
Alameda,1,6001,6001204510,204510,15,13,9,2,12,31,5,16,1901,0.8080753846442181,0.5143447212571685,0.54,106647.3,0.04200805262856339,0.63,10161.9,0.06352513451431607,0.59,14391.279999999999,0.3801220915999521,0.71,103629.47,383974,0.6115777370342783,5416262.01,4671627.25,799009.45,4813067.49,4147091.59,3213218.23,959391.99,1579691.68,1269170.42,1458409.02,56.63559287403114,59.24817755591578
Alameda,1,6001,6001362200,362200,18,13,9,2,8,6,9,8,1522,1.0991516414883957,0.5143447212571685,0.54,106647.3,0.04200805262856339,0.63,10161.9,0.06352513451431607,0.59,14391.279999999999,0.3801220915999521,0.71,103629.47,383974,0.6115777370342783,5416262.01,4671627.25,799009.45,4813067.49,4147091.59,3213218.23,959391.99,1579691.68,1269170.42,1458409.02,56.63559287403114,59.24817755591578
Alameda,1,6001,6001356210,356210,18,13,9,2,8,19,4,5,1794,1.1913153698355516,0.5143447212571685,0.54,106647.3,0.04200805262856339,0.63,10161.9,0.06352513451431607,0.59,14391.279999999999,0.3801220915999521,0.71,103629.47,383974,0.6115777370342783,5416262.01,4671627.25,799009.45,4813067.49,4147091.59,3213218.23,959391.99,1579691.68,1269170.42,1458409.02,56.63559287403114,59.24817755591578
Alameda,1,6001,6001224200,224200,18,13,9,2,4,7,0,4,1238,0.5677143863527809,0.5143447212571685,0.54,106647.3,0.04200805262856339,0.63,10161.9,0.06352513451431607,0.59,14391.279999999999,0.3801220915999521,0.71,103629.47,383974,0.6115777370342783,5416262.01,4671627.25,799009.45,4813067.49,4147091.59,3213218.23,959391.99,1579691.68,1269170.42,1458409.02,56.63559287403114,59.24817755591578
Alameda,1,6001,6001347300,347300,18,13,9,2,11,9,8,6,1907,1.1364434001173946,0.5143447212571685,0.54,106647.3,0.04200805262856339,0.63,10161.9,0.06352513451431607,0.59,14391.279999999999,0.3801220915999521,0.71,103629.47,383974,0.6115777370342783,5416262.01,4671627.25,799009.45,4813067.49,4147091.59,3213218.23,959391.99,1579691.68,1269170.42,1458409.02,56.63559287403114,59.24817755591578
Alameda,1,6001,6001225300,225300,15,13,9,2,21,20,7,9,3183,0.7926515124999627,0.5143447212571685,0.54,106647.3,0.04200805262856339,0.63,10161.9,0.06352513451431607,0.59,14391.279999999999,0.3801220915999521,0.71,103629.47,383974,0.6115777370342783,5416262.01,4671627.25,799009.45,4813067.49,4147091.59,3213218.23,959391.99,1579691.68,1269170.42,1458409.02,56.63559287403114,59.24817755591578
Alameda,1,6001,6001337100,337100,18,13,9,2,10,9,8,5,1051,0.5037131953762158,0.5143447212571685,0.54,106647.3,0.04200805262856339,0.63,10161.9,0.06352513451431607,0.59,14391.279999999999,0.3801220915999521,0.71,103629.47,383974,0.6115777370342783,5416262.01,4671627.25,799009.45,4813067.49,4147091.59,3213218.23,959391.99,1579691.68,1269170.42,1458409.02,56.63559287403114,59.24817755591578
Alameda,1,6001,6001456500,456500,18,13,9,2,3,0,0,2,699,0.5712529296510884,0.5143447212571685,0.54,106647.3,0.04200805262856339,0.63,10161.9,0.06352513451431607,0.59,14391.279999999999,0.3801220915999521,0.71,103629.47,383974,0.6115777370342783,5416262.01,4671627.25,799009.45,4813067.49,4147091.59,3213218.23,959391.99,1579691.68,1269170.42,1458409.02,56.63559287403114,59.24817755591578
Alameda,1,6001,6001202540,202540,15,13,9,2,3,5,1,5,351,1.4393719905736437,0.5143447212571685,0.54,106647.3,0.04200805262856339,0.63,10161.9,0.06352513451431607,0.59,14391.279999999999,0.3801220915999521,0.71,103629.47,383974,0.6115777370342783,5416262.01,4671627.25,799009.45,4813067.49,4147091.59,3213218.23,959391.99,1579691.68,1269170.42,1458409.02,56.63559287403114,59.24817755591578
Alameda,1,6001,6001325300,325300,18,13,9,2,25,38,7,23,3608,1.010247117485485,0.5143447212571685,0.54,106647.3,0.04200805262856339,0.63,10161.9,0.06352513451431607,0.59,14391.279999999999,0.3801220915999521,0.71,103629.47,383974,0.6115777370342783,5416262.01,4671627.25,799009.45,4813067.49,4147091.59,3213218.23,959391.99,1579691.68,1269170.42,1458409.02,56.63559287403114,59.24817755591578
Alameda,1,6001,6001207000,207000,15,13,9,2,10,21,4,3,1528,0.8568642543845193,0.5143447212571685,0.54,106647.3,0.04200805262856339,0.63,10161.9,0.06352513451431607,0.59,14391.279999999999,0.3801220915999521,0.71,103629.47,383974,0.6115777370342783,5416262.01,4671627.25,799009.45,4813067.49,4147091.59,3213218.23,959391.99,1579691.68,1269170.42,1458409.02,56.63559287403114,59.24817755591578
Alameda,1,6001,6001336910,336910,18,13,9,2,8,3,3,1,580,1.3153723117422151,0.5143447212571685,0.54,106647.3,0.04200805262856339,0.63,10161.9,0.06352513451431607,0.59,14391.279999999999,0.3801220915999521,0.71,103629.47,383974,0.6115777370342783,5416262.01,4671627.25,799009.45,4813067.49,4147091.59,3213218.23,959391.99,1579691.68,1269170.42,1458409.02,56.63559287403114,59.24817755591578
Alameda,1,6001,6001456100,456100,18,13,9,2,7,10,4,5,1424,1.3264517053039344,0.5143447212571685,0.54,106647.3,0.04200805262856339,0.63,10161.9,0.06352513451431607,0.59,14391.279999999999,0.3801220915999521,0.71,103629.47,383974,0.6115777370342783,5416262.01,4671627.25,799009.45,4813067.49,4147091.59,3213218.23,959391.99,1579691.68,1269170.42,1458409.02,56.63559287403114,59.24817755591578
Alameda,1,6001,6001224700,224700,18,13,9,2,6,9,2,2,1414,0.8559830249327474,0.5143447212571685,0.54,106647.3,0.04200805262856339,0.63,10161.9,0.06352513451431607,0.59,14391.279999999999,0.3801220915999521,0.71,103629.47,383974,0.6115777370342783,5416262.01,4671627.25,799009.45,4813067.49,4147091.59,3213218.23,959391.99,1579691.68,1269170.42,1458409.02,56.63559287403114,59.24817755591578
Alameda,1,6001,6001208010,208010,15,13,9,2,14,31,2,8,2017,0.8498989825202259,0.5143447212571685,0.54,106647.3,0.04200805262856339,0.63,10161.9,0.06352513451431607,0.59,14391.279999999999,0.3801220915999521,0.71,103629.47,383974,0.6115777370342783,5416262.01,4671627.25,799009.45,4813067.49,4147091.59,3213218.23,959391.99,1579691.68,1269170.42,1458409.02,56.63559287403114,59.24817755591578
Alameda,1,6001,6001208300,208300,15,13,9,2,15,29,5,20,3123,1.4636499831026115,0.5143447212571685,0.54,106647.3,0.04200805262856339,0.63,10161.9,0.06352513451431607,0.59,14391.279999999999,0.3801220915999521,0.71,103629.47,383974,0.6115777370342783,5416262.01,4671627.25,799009.45,4813067.49,4147091.59,3213218.23,959391.99,1579691.68,1269170.42,1458409.02,56.63559287403114,59.24817755591578
Alameda,1,6001,6001457500,457500,18,13,9,2,23,18,15,8,2633,1.860546733563236,0.5143447212571685,0.54,106647.3,0.04200805262856339,0.63,10161.9,0.06352513451431607,0.59,14391.279999999999,0.3801220915999521,0.71,103629.47,383974,0.6115777370342783,5416262.01,4671627.25,799009.45,4813067.49,4147091.59,3213218.23,959391.99,1579691.68,1269170.42,1458409.02,56.63559287403114,59.24817755591578
Alameda,1,6001,6001207700,207700,15,13,9,2,9,30,7,21,2353,1.3106133426401756,0.5143447212571685,0.54,106647.3,0.04200805262856339,0.63,10161.9,0.06352513451431607,0.59,14391.279999999999,0.3801220915999521,0.71,103629.47,383974,0.6115777370342783,5416262.01,4671627.25,799009.45,4813067.49,4147091.59,3213218.23,959391.99,1579691.68,1269170.42,1458409.02,56.63559287403114,59.24817755591578
Alameda,1,6001,6001455400,455400,18,13,9,2,9,9,2,5,1398,1.518891473333888,0.5143447212571685,0.54,106647.3,0.04200805262856339,0.63,10161.9,0.06352513451431607,0.59,14391.279999999999,0.3801220915999521,0.71,103629.47,383974,0.6115777370342783,5416262.01,4671627.25,799009.45,4813067.49,4147091.59,3213218.23,959391.99,1579691.68,1269170.42,1458409.02,56.63559287403114,59.24817755591578
Alameda,1,6001,6001458500,458500,18,13,9,2,4,3,6,0,783,1.0819744392440538,0.5143447212571685,0.54,106647.3,0.04200805262856339,0.63,10161.9,0.06352513451431607,0.59,14391.279999999999,0.3801220915999521,0.71,103629.47,383974,0.6115777370342783,5416262.01,4671627.25,799009.45,4813067.49,4147091.59,3213218.23,959391.99,1579691.68,1269170.42,1458409.02,56.63559287403114,59.24817755591578
Alameda,1,6001,6001215200,215200,15,13,9,2,12,17,5,12,2204,0.9686001005648709,0.5143447212571685,0.54,106647.3,0.04200805262856339,0.63,10161.9,0.06352513451431607,0.59,14391.279999999999,0.3801220915999521,0.71,103629.47,383974,0.6115777370342783,5416262.01,4671627.25,799009.45,4813067.49,4147091.59,3213218.23,959391.99,1579691.68,1269170.42,1458409.02,56.63559287403114,59.24817755591578
Alameda,1,6001,6001323200,323200,18,13,9,2,21,25,5,13,2747,0.8917314564667276,0.5143447212571685,0.54,106647.3,0.04200805262856339,0.63,10161.9,0.06352513451431607,0.59,14391.279999999999,0.3801220915999521,0.71,103629.47,383974,0.6115777370342783,5416262.01,4671627.25,799009.45,4813067.49,4147091.59,3213218.23,959391.99,1579691.68,1269170.42,1458409.02,56.63559287403114,59.24817755591578
Alameda,1,6001,6001373500,373500,18,13,9,2,13,7,12,8,2272,1.8838555345914454,0.5143447212571685,0.54,106647.3,0.04200805262856339,0.63,10161.9,0.06352513451431607,0.59,14391.279999999999,0.3801220915999521,0.71,103629.47,383974,0.6115777370342783,5416262.01,4671627.25,799009.45,4813067.49,4147091.59,3213218.23,959391.99,1579691.68,1269170.42,1458409.02,56.63559287403114,59.24817755591578
Alameda,1,6001,6001311400,311400,15,13,9,2,22,42,18,26,3471,1.8782853869069618,0.5143447212571685,0.54,106647.3,0.04200805262856339,0.63,10161.9,0.06352513451431607,0.59,14391.279999999999,0.3801220915999521,0.71,103629.47,383974,0.6115777370342783,5416262.01,4671627.25,799009.45,4813067.49,4147091.59,3213218.23,959391.99,1579691.68,1269170.42,1458409.02,56.63559287403114,59.24817755591578
Alameda,1,6001,6001344500,344500,18,13,9,2,20,18,3,7,2008,1.1520257578441389,0.5143447212571685,0.54,106647.3,0.04200805262856339,0.63,10161.9,0.06352513451431607,0.59,14391.279999999999,0.3801220915999521,0.71,103629.47,383974,0.6115777370342783,5416262.01,4671627.25,799009.45,4813067.49,4147091.59,3213218.23,959391.99,1579691.68,1269170.42,1458409.02,56.63559287403114,59.24817755591578
Alameda,1,6001,6001261300,261300,15,13,9,2,11,20,3,7,3340,1.6233798638550019,0.5143447212571685,0.54,106647.3,0.04200805262856339,0.63,10161.9,0.06352513451431607,0.59,14391.279999999999,0.3801220915999521,0.71,103629.47,383974,0.6115777370342783,5416262.01,4671627.25,799009.45,4813067.49,4147091.59,3213218.23,959391.99,1579691.68,1269170.42,1458409.02,56.63559287403114,59.24817755591578
Alameda,1,6001,6001458300,458300,18,13,9,2,24,14,5,6,2195,1.6469208654944365,0.5143447212571685,0.54,106647.3,0.04200805262856339,0.63,10161.9,0.06352513451431607,0.59,14391.279999999999,0.3801220915999521,0.71,103629.47,383974,0.6115777370342783,5416262.01,4671627.25,799009.45,4813067.49,4147091.59,3213218.23,959391.99,1579691.68,1269170.42,1458409.02,56.63559287403114,59.24817755591578
Alameda,1,6001,6001208800,208800,15,13,9,2,18,25,5,21,2775,1.2927901025355906,0.5143447212571685,0.54,106647.3,0.04200805262856339,0.63,10161.9,0.06352513451431607,0.59,14391.279999999999,0.3801220915999521,0.71,103629.47,383974,0.6115777370342783,5416262.01,4671627.25,799009.45,4813067.49,4147091.59,3213218.23,959391.99,1579691.68,1269170.42,1458409.02,56.63559287403114,59.24817755591578
Alameda,1,6001,6001344000,344000,18,13,9,2,5,8,11,8,1912,1.2048796019835026,0.5143447212571685,0.54,106647.3,0.04200805262856339,0.63,10161.9,0.06352513451431607,0.59,14391.279999999999,0.3801220915999521,0.71,103629.47,383974,0.6115777370342783,5416262.01,4671627.25,799009.45,4813067.49,4147091.59,3213218.23,959391.99,1579691.68,1269170.42,1458409.02,56.63559287403114,59.24817755591578
Alameda,1,6001,6001225900,225900,18,13,9,2,20,12,4,8,2576,1.0497237011749503,0.5143447212571685,0.54,106647.3,0.04200805262856339,0.63,10161.9,0.06352513451431607,0.59,14391.279999999999,0.3801220915999521,0.71,103629.47,383974,0.6115777370342783,5416262.01,4671627.25,799009.45,4813067.49,4147091.59,3213218.23,959391.99,1579691.68,1269170.42,1458409.02,56.63559287403114,59.24817755591578
Alameda,1,6001,6001457300,457300,18,13,9,2,16,10,7,6,2342,1.7644141872700658,0.5143447212571685,0.54,106647.3,0.04200805262856339,0.63,10161.9,0.06352513451431607,0.59,14391.279999999999,0.3801220915999521,0.71,103629.47,383974,0.6115777370342783,5416262.01,4671627.25,799009.45,4813067.49,4147091.59,3213218.23,959391.99,1579691.68,1269170.42,1458409.02,56.63559287403114,59.24817755591578
Alameda,1,6001,6001356000,356000,18,13,9,2,17,20,15,12,3168,1.849808208310684,0.5143447212571685,0.54,106647.3,0.04200805262856339,0.63,10161.9,0.06352513451431607,0.59,14391.279999999999,0.3801220915999521,0.71,103629.47,383974,0.6115777370342783,5416262.01,4671627.25,799009.45,4813067.49,4147091.59,3213218.23,959391.99,1579691.68,1269170.42,1458409.02,56.63559287403114,59.24817755591578
Alameda,1,6001,6001364510,364510,18,13,9,2,2,9,1,0,815,1.2965341301142743,0.5143447212571685,0.54,106647.3,0.04200805262856339,0.63,10161.9,0.06352513451431607,0.59,14391.279999999999,0.3801220915999521,0.71,103629.47,383974,0.6115777370342783,5416262.01,4671627.25,799009.45,4813067.49,4147091.59,3213218.23,959391.99,1579691.68,1269170.42,1458409.02,56.63559287403114,59.24817755591578
Alameda,1,6001,6001208810,208810,15,13,9,2,9,36,7,17,3357,1.5284306112194321,0.5143447212571685,0.54,106647.3,0.04200805262856339,0.63,10161.9,0.06352513451431607,0.59,14391.279999999999,0.3801220915999521,0.71,103629.47,383974,0.6115777370342783,5416262.01,4671627.25,799009.45,4813067.49,4147091.59,3213218.23,959391.99,1579691.68,1269170.42,1458409.02,56.63559287403114,59.24817755591578
Alameda,1,6001,6001361300,361300,18,13,9,2,3,1,3,0,484,0.8078282368798289,0.5143447212571685,0.54,106647.3,0.04200805262856339,0.63,10161.9,0.06352513451431607,0.59,14391.279999999999,0.3801220915999521,0.71,103629.47,383974,0.6115777370342783,5416262.01,4671627.25,799009.45,4813067.49,4147091.59,3213218.23,959391.99,1579691.68,1269170.42,1458409.02,56.63559287403114,59.24817755591578
Alameda,1,6001,6001362510,362510,18,13,9,2,16,13,15,15,2770,1.9064202760124584,0.5143447212571685,0.54,106647.3,0.04200805262856339,0.63,10161.9,0.06352513451431607,0.59,14391.279999999999,0.3801220915999521,0.71,103629.47,383974,0.6115777370342783,5416262.01,4671627.25,799009.45,4813067.49,4147091.59,3213218.23,959391.99,1579691.68,1269170.42,1458409.02,56.63559287403114,59.24817755591578
Alameda,1,6001,6001244900,244900,15,13,9,2,5,2,0,0,548,0.8224773681721724,0.5143447212571685,0.54,106647.3,0.04200805262856339,0.63,10161.9,0.06352513451431607,0.59,14391.279999999999,0.3801220915999521,0.71,103629.47,383974,0.6115777370342783,5416262.01,4671627.25,799009.45,4813067.49,4147091.59,3213218.23,959391.99,1579691.68,1269170.42,1458409.02,56.63559287403114,59.24817755591578
Alameda,1,6001,6001362600,362600,18,13,9,2,11,27,11,14,3559,1.9858335065585702,0.5143447212571685,0.54,106647.3,0.04200805262856339,0.63,10161.9,0.06352513451431607,0.59,14391.279999999999,0.3801220915999521,0.71,103629.47,383974,0.6115777370342783,5416262.01,4671627.25,799009.45,4813067.49,4147091.59,3213218.23,959391.99,1579691.68,1269170.42,1458409.02,56.63559287403114,59.24817755591578
Alameda,1,6001,6001262000,262000,15,13,9,2,28,22,3,10,3766,1.9413642586268156,0.5143447212571685,0.54,106647.3,0.04200805262856339,0.63,10161.9,0.06352513451431607,0.59,14391.279999999999,0.3801220915999521,0.71,103629.47,383974,0.6115777370342783,5416262.01,4671627.25,799009.45,4813067.49,4147091.59,3213218.23,959391.99,1579691.68,1269170.42,1458409.02,56.63559287403114,59.24817755591578
Alameda,1,6001,6001354700,354700,18,13,9,2,18,29,12,26,3238,2.050944627825623,0.5143447212571685,0.54,106647.3,0.04200805262856339,0.63,10161.9,0.06352513451431607,0.59,14391.279999999999,0.3801220915999521,0.71,103629.47,383974,0.6115777370342783,5416262.01,4671627.25,799009.45,4813067.49,4147091.59,3213218.23,959391.99,1579691.68,1269170.42,1458409.02,56.63559287403114,59.24817755591578
Alameda,1,6001,6001354300,354300,18,13,9,2,13,19,14,15,2964,2.264700503860374,0.5143447212571685,0.54,106647.3,0.04200805262856339,0.63,10161.9,0.06352513451431607,0.59,14391.279999999999,0.3801220915999521,0.71,103629.47,383974,0.6115777370342783,5416262.01,4671627.25,799009.45,4813067.49,4147091.59,3213218.23,959391.99,1579691.68,1269170.42,1458409.02,56.63559287403114,59.24817755591578
Alameda,1,6001,6001245300,245300,15,13,9,2,11,4,1,0,1237,1.6918385823849786,0.5143447212571685,0.54,106647.3,0.04200805262856339,0.63,10161.9,0.06352513451431607,0.59,14391.279999999999,0.3801220915999521,0.71,103629.47,383974,0.6115777370342783,5416262.01,4671627.25,799009.45,4813067.49,4147091.59,3213218.23,959391.99,1579691.68,1269170.42,1458409.02,56.63559287403114,59.24817755591578
Alameda,1,6001,6001224500,224500,18,13,9,2,10,17,1,9,2796,1.5739849221549598,0.5143447212571685,0.54,106647.3,0.04200805262856339,0.63,10161.9,0.06352513451431607,0.59,14391.279999999999,0.3801220915999521,0.71,103629.47,383974,0.6115777370342783,5416262.01,4671627.25,799009.45,4813067.49,4147091.59,3213218.23,959391.99,1579691.68,1269170.42,1458409.02,56.63559287403114,59.24817755591578
Alameda,1,6001,6001354100,354100,18,13,9,2,19,24,3,14,2582,1.7199534833334122,0.5143447212571685,0.54,106647.3,0.04200805262856339,0.63,10161.9,0.06352513451431607,0.59,14391.279999999999,0.3801220915999521,0.71,103629.47,383974,0.6115777370342783,5416262.01,4671627.25,799009.45,4813067.49,4147091.59,3213218.23,959391.99,1579691.68,1269170.42,1458409.02,56.63559287403114,59.24817755591578
Alameda,1,6001,6001311200,311200,15,13,9,2,19,44,7,20,3051,1.352680840936233,0.5143447212571685,0.54,106647.3,0.04200805262856339,0.63,10161.9,0.06352513451431607,0.59,14391.279999999999,0.3801220915999521,0.71,103629.47,383974,0.6115777370342783,5416262.01,4671627.25,799009.45,4813067.49,4147091.59,3213218.23,959391.99,1579691.68,1269170.42,1458409.02,56.63559287403114,59.24817755591578
Alameda,1,6001,6001201800,201800,15,13,9,2,15,23,6,15,1366,1.9194781612317553,0.5143447212571685,0.54,106647.3,0.04200805262856339,0.63,10161.9,0.06352513451431607,0.59,14391.279999999999,0.3801220915999521,0.71,103629.47,383974,0.6115777370342783,5416262.01,4671627.25,799009.45,4813067.49,4147091.59,3213218.23,959391.99,1579691.68,1269170.42,1458409.02,56.63559287403114,59.24817755591578
Alameda,1,6001,6001354910,354910,18,13,9,2,12,25,9,26,2802,1.7576917779401233,0.5143447212571685,0.54,106647.3,0.04200805262856339,0.63,10161.9,0.06352513451431607,0.59,14391.279999999999,0.3801220915999521,0.71,103629.47,383974,0.6115777370342783,5416262.01,4671627.25,799009.45,4813067.49,4147091.59,3213218.23,959391.99,1579691.68,1269170.42,1458409.02,56.63559287403114,59.24817755591578
Alameda,1,6001,6001335300,335300,18,13,9,2,22,36,8,20,3655,1.8731505874903631,0.5143447212571685,0.54,106647.3,0.04200805262856339,0.63,10161.9,0.06352513451431607,0.59,14391.279999999999,0.3801220915999521,0.71,103629.47,383974,0.6115777370342783,5416262.01,4671627.25,799009.45,4813067.49,4147091.59,3213218.23,959391.99,1579691.68,1269170.42,1458409.02,56.63559287403114,59.24817755591578
Alameda,1,6001,6001203500,203500,15,13,9,2,11,23,2,3,1251,1.241935056639876,0.5143447212571685,0.54,106647.3,0.04200805262856339,0.63,10161.9,0.06352513451431607,0.59,14391.279999999999,0.3801220915999521,0.71,103629.47,383974,0.6115777370342783,5416262.01,4671627.25,799009.45,4813067.49,4147091.59,3213218.23,959391.99,1579691.68,1269170.42,1458409.02,56.63559287403114,59.24817755591578
Alameda,1,6001,6001336710,336710,18,13,9,2,12,29,16,21,2506,1.588832143970567,0.5143447212571685,0.54,106647.3,0.04200805262856339,0.63,10161.9,0.06352513451431607,0.59,14391.279999999999,0.3801220915999521,0.71,103629.47,383974,0.6115777370342783,5416262.01,4671627.25,799009.45,4813067.49,4147091.59,3213218.23,959391.99,1579691.68,1269170.42,1458409.02,56.63559287403114,59.24817755591578
Alameda,1,6001,6001454100,454100,18,13,9,2,4,5,1,4,1013,0.9915076184091307,0.5143447212571685,0.54,106647.3,0.04200805262856339,0.63,10161.9,0.06352513451431607,0.59,14391.279999999999,0.3801220915999521,0.71,103629.47,383974,0.6115777370342783,5416262.01,4671627.25,799009.45,4813067.49,4147091.59,3213218.23,959391.99,1579691.68,1269170.42,1458409.02,56.63559287403114,59.24817755591578
Alameda,1,6001,6001380300,380300,15,13,9,2,16,13,6,9,2597,2.6402913617476806,0.5143447212571685,0.54,106647.3,0.04200805262856339,0.63,10161.9,0.06352513451431607,0.59,14391.279999999999,0.3801220915999521,0.71,103629.47,383974,0.6115777370342783,5416262.01,4671627.25,799009.45,4813067.49,4147091.59,3213218.23,959391.99,1579691.68,1269170.42,1458409.02,56.63559287403114,59.24817755591578
Alameda,1,6001,6001310000,310000,15,13,9,2,14,36,7,17,3080,1.6056475924976603,0.5143447212571685,0.54,106647.3,0.04200805262856339,0.63,10161.9,0.06352513451431607,0.59,14391.279999999999,0.3801220915999521,0.71,103629.47,383974,0.6115777370342783,5416262.01,4671627.25,799009.45,4813067.49,4147091.59,3213218.23,959391.99,1579691.68,1269170.42,1458409.02,56.63559287403114,59.24817755591578
Alameda,1,6001,6001201400,201400,15,13,9,2,11,19,1,11,2220,1.6326088520735995,0.5143447212571685,0.54,106647.3,0.04200805262856339,0.63,10161.9,0.06352513451431607,0.59,14391.279999999999,0.3801220915999521,0.71,103629.47,383974,0.6115777370342783,5416262.01,4671627.25,799009.45,4813067.49,4147091.59,3213218.23,959391.99,1579691.68,1269170.42,1458409.02,56.63559287403114,59.24817755591578
Alameda,1,6001,6001353310,353310,18,13,9,2,20,28,7,25,3988,1.7560257450760952,0.5143447212571685,0.54,106647.3,0.04200805262856339,0.63,10161.9,0.06352513451431607,0.59,14391.279999999999,0.3801220915999521,0.71,103629.47,383974,0.6115777370342783,5416262.01,4671627.25,799009.45,4813067.49,4147091.59,3213218.23,959391.99,1579691.68,1269170.42,1458409.02,56.63559287403114,59.24817755591578
Alameda,1,6001,6001310400,310400,15,13,9,2,22,47,9,20,3994,1.8024712004185481,0.5143447212571685,0.54,106647.3,0.04200805262856339,0.63,10161.9,0.06352513451431607,0.59,14391.279999999999,0.3801220915999521,0.71,103629.47,383974,0.6115777370342783,5416262.01,4671627.25,799009.45,4813067.49,4147091.59,3213218.23,959391.99,1579691.68,1269170.42,1458409.02,56.63559287403114,59.24817755591578
Alameda,1,6001,6001205700,205700,15,13,9,2,25,35,1,7,3320,2.04838029869171,0.5143447212571685,0.54,106647.3,0.04200805262856339,0.63,10161.9,0.06352513451431607,0.59,14391.279999999999,0.3801220915999521,0.71,103629.47,383974,0.6115777370342783,5416262.01,4671627.25,799009.45,4813067.49,4147091.59,3213218.23,959391.99,1579691.68,1269170.42,1458409.02,56.63559287403114,59.24817755591578
Alameda,1,6001,6001245100,245100,15,13,9,2,10,8,4,3,1755,2.1153997636699597,0.5143447212571685,0.54,106647.3,0.04200805262856339,0.63,10161.9,0.06352513451431607,0.59,14391.279999999999,0.3801220915999521,0.71,103629.47,383974,0.6115777370342783,5416262.01,4671627.25,799009.45,4813067.49,4147091.59,3213218.23,959391.99,1579691.68,1269170.42,1458409.02,56.63559287403114,59.24817755591578
Alameda,1,6001,6001215700,215700,15,13,9,2,13,44,7,19,3539,1.6953361685869834,0.5143447212571685,0.54,106647.3,0.04200805262856339,0.63,10161.9,0.06352513451431607,0.59,14391.279999999999,0.3801220915999521,0.71,103629.47,383974,0.6115777370342783,5416262.01,4671627.25,799009.45,4813067.49,4147091.59,3213218.23,959391.99,1579691.68,1269170.42,1458409.02,56.63559287403114,59.24817755591578
Alameda,1,6001,6001203100,203100,15,13,9,2,9,21,5,7,2924,2.106976420908435,0.5143447212571685,0.54,106647.3,0.04200805262856339,0.63,10161.9,0.06352513451431607,0.59,14391.279999999999,0.3801220915999521,0.71,103629.47,383974,0.6115777370342783,5416262.01,4671627.25,799009.45,4813067.49,4147091.59,3213218.23,959391.99,1579691.68,1269170.42,1458409.02,56.63559287403114,59.24817755591578
Alameda,1,6001,6001361200,361200,18,13,9,2,5,3,6,15,1359,2.3927871497024387,0.5143447212571685,0.54,106647.3,0.04200805262856339,0.63,10161.9,0.06352513451431607,0.59,14391.279999999999,0.3801220915999521,0.71,103629.47,383974,0.6115777370342783,5416262.01,4671627.25,799009.45,4813067.49,4147091.59,3213218.23,959391.99,1579691.68,1269170.42,1458409.02,56.63559287403114,59.24817755591578
Alameda,1,6001,6001300150,300150,18,13,9,2,33,16,17,10,4068,3.0624832698927404,0.5143447212571685,0.54,106647.3,0.04200805262856339,0.63,10161.9,0.06352513451431607,0.59,14391.279999999999,0.3801220915999521,0.71,103629.47,383974,0.6115777370342783,5416262.01,4671627.25,799009.45,4813067.49,4147091.59,3213218.23,959391.99,1579691.68,1269170.42,1458409.02,56.63559287403114,59.24817755591578
Alameda,1,6001,6001335400,335400,18,13,9,2,17,36,14,38,3007,2.065169165071023,0.5143447212571685,0.54,106647.3,0.04200805262856339,0.63,10161.9,0.06352513451431607,0.59,14391.279999999999,0.3801220915999521,0.71,103629.47,383974,0.6115777370342783,5416262.01,4671627.25,799009.45,4813067.49,4147091.59,3213218.23,959391.99,1579691.68,1269170.42,1458409.02,56.63559287403114,59.24817755591578
Alameda,1,6001,6001223010,223010,15,13,9,2,14,32,4,27,3513,1.7171065120187763,0.5143447212571685,0.54,106647.3,0.04200805262856339,0.63,10161.9,0.06352513451431607,0.59,14391.279999999999,0.3801220915999521,0.71,103629.47,383974,0.6115777370342783,5416262.01,4671627.25,799009.45,4813067.49,4147091.59,3213218.23,959391.99,1579691.68,1269170.42,1458409.02,56.63559287403114,59.24817755591578
Alameda,1,6001,6001451600,451600,18,13,9,2,28,10,3,15,1951,1.6109442787769106,0.5143447212571685,0.54,106647.3,0.04200805262856339,0.63,10161.9,0.06352513451431607,0.59,14391.279999999999,0.3801220915999521,0.71,103629.47,383974,0.6115777370342783,5416262.01,4671627.25,799009.45,4813067.49,4147091.59,3213218.23,959391.99,1579691.68,1269170.42,1458409.02,56.63559287403114,59.24817755591578
Alameda,1,6001,6001450610,450610,18,13,9,2,22,12,7,9,2903,2.695451812980275,0.5143447212571685,0.54,106647.3,0.04200805262856339,0.63,10161.9,0.06352513451431607,0.59,14391.279999999999,0.3801220915999521,0.71,103629.47,383974,0.6115777370342783,5416262.01,4671627.25,799009.45,4813067.49,4147091.59,3213218.23,959391.99,1579691.68,1269170.42,1458409.02,56.63559287403114,59.24817755591578
Alameda,1,6001,6001361500,361500,18,13,9,2,12,14,18,10,2772,3.9432787070234085,0.5143447212571685,0.54,106647.3,0.04200805262856339,0.63,10161.9,0.06352513451431607,0.59,14391.279999999999,0.3801220915999521,0.71,103629.47,383974,0.6115777370342783,5416262.01,4671627.25,799009.45,4813067.49,4147091.59,3213218.23,959391.99,1579691.68,1269170.42,1458409.02,56.63559287403114,59.24817755591578
Alameda,1,6001,6001344700,344700,15,13,9,2,12,9,4,8,1412,1.5726773151154072,0.5143447212571685,0.54,106647.3,0.04200805262856339,0.63,10161.9,0.06352513451431607,0.59,14391.279999999999,0.3801220915999521,0.71,103629.47,383974,0.6115777370342783,5416262.01,4671627.25,799009.45,4813067.49,4147091.59,3213218.23,959391.99,1579691.68,1269170.42,1458409.02,56.63559287403114,59.24817755591578
Alameda,1,6001,6001455300,455300,18,13,10,2,14,15,3,6,2050,2.6315368076594536,0.5143447212571685,0.54,106647.3,0.04200805262856339,0.63,10161.9,0.06352513451431607,0.59,14391.279999999999,0.3801220915999521,0.71,103629.47,383974,0.6115777370342783,5416262.01,4671627.25,799009.45,4813067.49,4147091.59,3213218.23,959391.99,1579691.68,1269170.42,1458409.02,56.63559287403114,59.24817755591578
Alameda,1,6001,6001209310,209310,15,13,9,2,17,38,8,23,4221,2.166073432104124,0.5143447212571685,0.54,106647.3,0.04200805262856339,0.63,10161.9,0.06352513451431607,0.59,14391.279999999999,0.3801220915999521,0.71,103629.47,383974,0.6115777370342783,5416262.01,4671627.25,799009.45,4813067.49,4147091.59,3213218.23,959391.99,1579691.68,1269170.42,1458409.02,56.63559287403114,59.24817755591578
Alameda,1,6001,6001209300,209300,15,13,9,2,28,42,6,16,2965,1.215831131471677,0.5143447212571685,0.54,106647.3,0.04200805262856339,0.63,10161.9,0.06352513451431607,0.59,14391.279999999999,0.3801220915999521,0.71,103629.47,383974,0.6115777370342783,5416262.01,4671627.25,799009.45,4813067.49,4147091.59,3213218.23,959391.99,1579691.68,1269170.42,1458409.02,56.63559287403114,59.24817755591578
Alameda,1,6001,6001333200,333200,18,13,9,2,19,45,9,18,3541,2.4846198352120212,0.5143447212571685,0.54,106647.3,0.04200805262856339,0.63,10161.9,0.06352513451431607,0.59,14391.279999999999,0.3801220915999521,0.71,103629.47,383974,0.6115777370342783,5416262.01,4671627.25,799009.45,4813067.49,4147091.59,3213218.23,959391.99,1579691.68,1269170.42,1458409.02,56.63559287403114,59.24817755591578
Alameda,1,6001,6001214400,214400,15,13,9,2,21,19,2,7,3331,2.9844212551585487,0.5143447212571685,0.54,106647.3,0.04200805262856339,0.63,10161.9,0.06352513451431607,0.59,14391.279999999999,0.3801220915999521,0.71,103629.47,383974,0.6115777370342783,5416262.01,4671627.25,799009.45,4813067.49,4147091.59,3213218.23,959391.99,1579691.68,1269170.42,1458409.02,56.63559287403114,59.24817755591578
Alameda,1,6001,6001345100,345100,18,13,9,2,19,24,4,14,3204,2.3147284403713777,0.5143447212571685,0.54,106647.3,0.04200805262856339,0.63,10161.9,0.06352513451431607,0.59,14391.279999999999,0.3801220915999521,0.71,103629.47,383974,0.6115777370342783,5416262.01,4671627.25,799009.45,4813067.49,4147091.59,3213218.23,959391.99,1579691.68,1269170.42,1458409.02,56.63559287403114,59.24817755591578
Alameda,1,6001,6001334000,334000,18,13,9,2,21,30,13,19,3321,1.6506682871014677,0.5143447212571685,0.54,106647.3,0.04200805262856339,0.63,10161.9,0.06352513451431607,0.59,14391.279999999999,0.3801220915999521,0.71,103629.47,383974,0.6115777370342783,5416262.01,4671627.25,799009.45,4813067.49,4147091.59,3213218.23,959391.99,1579691.68,1269170.42,1458409.02,56.63559287403114,59.24817755591578
Alameda,1,6001,6001214500,214500,15,13,9,2,11,17,3,4,1988,1.68109507162507,0.5143447212571685,0.54,106647.3,0.04200805262856339,0.63,10161.9,0.06352513451431607,0.59,14391.279999999999,0.3801220915999521,0.71,103629.47,383974,0.6115777370342783,5416262.01,4671627.25,799009.45,4813067.49,4147091.59,3213218.23,959391.99,1579691.68,1269170.42,1458409.02,56.63559287403114,59.24817755591578
Alameda,1,6001,6001410110,410110,18,13,9,2,24,14,19,16,2961,2.824952978897307,0.5143447212571685,0.54,106647.3,0.04200805262856339,0.63,10161.9,0.06352513451431607,0.59,14391.279999999999,0.3801220915999521,0.71,103629.47,383974,0.6115777370342783,5416262.01,4671627.25,799009.45,4813067.49,4147091.59,3213218.23,959391.99,1579691.68,1269170.42,1458409.02,56.63559287403114,59.24817755591578
Alameda,1,6001,6001224000,224000,18,13,9,2,31,12,5,5,4017,2.6560939312088467,0.5143447212571685,0.54,106647.3,0.04200805262856339,0.63,10161.9,0.06352513451431607,0.59,14391.279999999999,0.3801220915999521,0.71,103629.47,383974,0.6115777370342783,5416262.01,4671627.25,799009.45,4813067.49,4147091.59,3213218.23,959391.99,1579691.68,1269170.42,1458409.02,56.63559287403114,59.24817755591578
Alameda,1,6001,6001410600,410600,18,13,9,2,17,13,9,14,2924,2.7548671253032344,0.5143447212571685,0.54,106647.3,0.04200805262856339,0.63,10161.9,0.06352513451431607,0.59,14391.279999999999,0.3801220915999521,0.71,103629.47,383974,0.6115777370342783,5416262.01,4671627.25,799009.45,4813067.49,4147091.59,3213218.23,959391.99,1579691.68,1269170.42,1458409.02,56.63559287403114,59.24817755591578
Alameda,1,6001,6001410700,410700,18,13,9,2,20,22,19,11,2956,2.847104508636059,0.5143447212571685,0.54,106647.3,0.04200805262856339,0.63,10161.9,0.06352513451431607,0.59,14391.279999999999,0.3801220915999521,0.71,103629.47,383974,0.6115777370342783,5416262.01,4671627.25,799009.45,4813067.49,4147091.59,3213218.23,959391.99,1579691.68,1269170.42,1458409.02,56.63559287403114,59.24817755591578
Alameda,1,6001,6001300110,300110,18,13,9,2,26,8,14,5,2032,3.745820586112354,0.5143447212571685,0.54,106647.3,0.04200805262856339,0.63,10161.9,0.06352513451431607,0.59,14391.279999999999,0.3801220915999521,0.71,103629.47,383974,0.6115777370342783,5416262.01,4671627.25,799009.45,4813067.49,4147091.59,3213218.23,959391.99,1579691.68,1269170.42,1458409.02,56.63559287403114,59.24817755591578
Alameda,1,6001,6001450200,450200,18,13,9,2,25,20,12,6,2875,2.958862665192812,0.5143447212571685,0.54,106647.3,0.04200805262856339,0.63,10161.9,0.06352513451431607,0.59,14391.279999999999,0.3801220915999521,0.71,103629.47,383974,0.6115777370342783,5416262.01,4671627.25,799009.45,4813067.49,4147091.59,3213218.23,959391.99,1579691.68,1269170.42,1458409.02,56.63559287403114,59.24817755591578
Alameda,1,6001,6001451900,451900,18,13,9,2,10,4,5,1,1012,4.500236304643532,0.5143447212571685,0.54,106647.3,0.04200805262856339,0.63,10161.9,0.06352513451431607,0.59,14391.279999999999,0.3801220915999521,0.71,103629.47,383974,0.6115777370342783,5416262.01,4671627.25,799009.45,4813067.49,4147091.59,3213218.23,959391.99,1579691.68,1269170.42,1458409.02,56.63559287403114,59.24817755591578
Alameda,1,6001,6001200200,200200,15,13,9,2,8,22,3,4,1707,1.6805781536048134,0.5143447212571685,0.54,106647.3,0.04200805262856339,0.63,10161.9,0.06352513451431607,0.59,14391.279999999999,0.3801220915999521,0.71,103629.47,383974,0.6115777370342783,5416262.01,4671627.25,799009.45,4813067.49,4147091.59,3213218.23,959391.99,1579691.68,1269170.42,1458409.02,56.63559287403114,59.24817755591578
Alameda,1,6001,6001205200,205200,15,13,9,2,14,23,4,4,3867,2.6376960433685452,0.5143447212571685,0.54,106647.3,0.04200805262856339,0.63,10161.9,0.06352513451431607,0.59,14391.279999999999,0.3801220915999521,0.71,103629.47,383974,0.6115777370342783,5416262.01,4671627.25,799009.45,4813067.49,4147091.59,3213218.23,959391.99,1579691.68,1269170.42,1458409.02,56.63559287403114,59.24817755591578
Alameda,1,6001,6001336100,336100,18,13,9,2,23,42,11,21,2977,2.9255101041589198,0.5143447212571685,0.54,106647.3,0.04200805262856339,0.63,10161.9,0.06352513451431607,0.59,14391.279999999999,0.3801220915999521,0.71,103629.47,383974,0.6115777370342783,5416262.01,4671627.25,799009.45,4813067.49,4147091.59,3213218.23,959391.99,1579691.68,1269170.42,1458409.02,56.63559287403114,59.24817755591578
Alameda,1,6001,6001415500,415500,18,13,9,2,5,3,1,3,693,3.9545156709754847,0.5143447212571685,0.54,106647.3,0.04200805262856339,0.63,10161.9,0.06352513451431607,0.59,14391.279999999999,0.3801220915999521,0.71,103629.47,383974,0.6115777370342783,5416262.01,4671627.25,799009.45,4813067.49,4147091.59,3213218.23,959391.99,1579691.68,1269170.42,1458409.02,56.63559287403114,59.24817755591578
Alameda,1,6001,6001363000,363000,18,13,9,2,15,12,16,17,2626,2.346779124648999,0.5143447212571685,0.54,106647.3,0.04200805262856339,0.63,10161.9,0.06352513451431607,0.59,14391.279999999999,0.3801220915999521,0.71,103629.47,383974,0.6115777370342783,5416262.01,4671627.25,799009.45,4813067.49,4147091.59,3213218.23,959391.99,1579691.68,1269170.42,1458409.02,56.63559287403114,59.24817755591578
Alameda,1,6001,6001344900,344900,18,13,9,2,16,19,5,13,2968,2.0337404367815703,0.5143447212571685,0.54,106647.3,0.04200805262856339,0.63,10161.9,0.06352513451431607,0.59,14391.279999999999,0.3801220915999521,0.71,103629.47,383974,0.6115777370342783,5416262.01,4671627.25,799009.45,4813067.49,4147091.59,3213218.23,959391.99,1579691.68,1269170.42,1458409.02,56.63559287403114,59.24817755591578
Alameda,1,6001,6001302700,302700,18,13,9,2,37,29,14,16,3775,1.9676393184805778,0.5143447212571685,0.54,106647.3,0.04200805262856339,0.63,10161.9,0.06352513451431607,0.59,14391.279999999999,0.3801220915999521,0.71,103629.47,383974,0.6115777370342783,5416262.01,4671627.25,799009.45,4813067.49,4147091.59,3213218.23,959391.99,1579691.68,1269170.42,1458409.02,56.63559287403114,59.24817755591578
Alameda,1,6001,6001361000,361000,18,13,9,2,6,10,5,6,1101,3.1285244461882464,0.5143447212571685,0.54,106647.3,0.04200805262856339,0.63,10161.9,0.06352513451431607,0.59,14391.279999999999,0.3801220915999521,0.71,103629.47,383974,0.6115777370342783,5416262.01,4671627.25,799009.45,4813067.49,4147091.59,3213218.23,959391.99,1579691.68,1269170.42,1458409.02,56.63559287403114,59.24817755591578
Alameda,1,6001,6001304600,304600,18,13,9,2,31,22,8,10,3776,1.9824368190058903,0.5143447212571685,0.54,106647.3,0.04200805262856339,0.63,10161.9,0.06352513451431607,0.59,14391.279999999999,0.3801220915999521,0.71,103629.47,383974,0.6115777370342783,5416262.01,4671627.25,799009.45,4813067.49,4147091.59,3213218.23,959391.99,1579691.68,1269170.42,1458409.02,56.63559287403114,59.24817755591578
Alameda,1,6001,6001345310,345310,18,13,9,2,7,19,3,10,2671,3.046013964805329,0.5143447212571685,0.54,106647.3,0.04200805262856339,0.63,10161.9,0.06352513451431607,0.59,14391.279999999999,0.3801220915999521,0.71,103629.47,383974,0.6115777370342783,5416262.01,4671627.25,799009.45,4813067.49,4147091.59,3213218.23,959391.99,1579691.68,1269170.42,1458409.02,56.63559287403114,59.24817755591578
Alameda,1,6001,6001214100,214100,15,13,9,2,22,12,2,2,2314,4.113303874080967,0.5143447212571685,0.54,106647.3,0.04200805262856339,0.63,10161.9,0.06352513451431607,0.59,14391.279999999999,0.3801220915999521,0.71,103629.47,383974,0.6115777370342783,5416262.01,4671627.25,799009.45,4813067.49,4147091.59,3213218.23,959391.99,1579691.68,1269170.42,1458409.02,56.63559287403114,59.24817755591578
Alameda,1,6001,6001345900,345900,18,13,9,2,7,5,2,0,1171,2.2419380736605588,0.5143447212571685,0.54,106647.3,0.04200805262856339,0.63,10161.9,0.06352513451431607,0.59,14391.279999999999,0.3801220915999521,0.71,103629.47,383974,0.6115777370342783,5416262.01,4671627.25,799009.45,4813067.49,4147091.59,3213218.23,959391.99,1579691.68,1269170.42,1458409.02,56.63559287403114,59.24817755591578
Alameda,1,6001,6001200100,200100,15,13,9,2,15,16,7,9,3073,2.5365035522429547,0.5143447212571685,0.54,106647.3,0.04200805262856339,0.63,10161.9,0.06352513451431607,0.59,14391.279999999999,0.3801220915999521,0.71,103629.47,383974,0.6115777370342783,5416262.01,4671627.25,799009.45,4813067.49,4147091.59,3213218.23,959391.99,1579691.68,1269170.42,1458409.02,56.63559287403114,59.24817755591578
Alameda,1,6001,6001244400,244400,15,13,9,2,28,19,9,8,4372,4.911372415465869,0.5143447212571685,0.54,106647.3,0.04200805262856339,0.63,10161.9,0.06352513451431607,0.59,14391.279999999999,0.3801220915999521,0.71,103629.47,383974,0.6115777370342783,5416262.01,4671627.25,799009.45,4813067.49,4147091.59,3213218.23,959391.99,1579691.68,1269170.42,1458409.02,56.63559287403114,59.24817755591578
Alameda,1,6001,6001336810,336810,18,13,9,2,1,0,0,0,47,2.730933179409813,0.5143447212571685,0.54,106647.3,0.04200805262856339,0.63,10161.9,0.06352513451431607,0.59,14391.279999999999,0.3801220915999521,0.71,103629.47,383974,0.6115777370342783,5416262.01,4671627.25,799009.45,4813067.49,4147091.59,3213218.23,959391.99,1579691.68,1269170.42,1458409.02,56.63559287403114,59.24817755591578
Alameda,1,6001,6001334800,334800,18,13,9,2,14,21,11,22,2443,4.441263499855466,0.5143447212571685,0.54,106647.3,0.04200805262856339,0.63,10161.9,0.06352513451431607,0.59,14391.279999999999,0.3801220915999521,0.71,103629.47,383974,0.6115777370342783,5416262.01,4671627.25,799009.45,4813067.49,4147091.59,3213218.23,959391.99,1579691.68,1269170.42,1458409.02,56.63559287403114,59.24817755591578
Alameda,1,6001,6001373030,373030,18,13,9,2,0,0,0,0,0,5.570832455246536,0.5143447212571685,0.54,106647.3,0.04200805262856339,0.63,10161.9,0.06352513451431607,0.59,14391.279999999999,0.3801220915999521,0.71,103629.47,383974,0.6115777370342783,5416262.01,4671627.25,799009.45,4813067.49,4147091.59,3213218.23,959391.99,1579691.68,1269170.42,1458409.02,56.63559287403114,59.24817755591578
Alameda,1,6001,6001260100,260100,15,13,9,2,30,33,6,26,3341,8.095641970052828,0.5143447212571685,0.54,106647.3,0.04200805262856339,0.63,10161.9,0.06352513451431607,0.59,14391.279999999999,0.3801220915999521,0.71,103629.47,383974,0.6115777370342783,5416262.01,4671627.25,799009.45,4813067.49,4147091.59,3213218.23,959391.99,1579691.68,1269170.42,1458409.02,56.63559287403114,59.24817755591578
Alameda,1,6001,6001300130,300130,18,13,9,2,20,19,7,3,2643,5.917513378902499,0.5143447212571685,0.54,106647.3,0.04200805262856339,0.63,10161.9,0.06352513451431607,0.59,14391.279999999999,0.3801220915999521,0.71,103629.47,383974,0.6115777370342783,5416262.01,4671627.25,799009.45,4813067.49,4147091.59,3213218.23,959391.99,1579691.68,1269170.42,1458409.02,56.63559287403114,59.24817755591578
Alameda,1,6001,6001303800,303800,18,13,9,2,42,25,7,10,3630,3.9101816976024995,0.5143447212571685,0.54,106647.3,0.04200805262856339,0.63,10161.9,0.06352513451431607,0.59,14391.279999999999,0.3801220915999521,0.71,103629.47,383974,0.6115777370342783,5416262.01,4671627.25,799009.45,4813067.49,4147091.59,3213218.23,959391.99,1579691.68,1269170.42,1458409.02,56.63559287403114,59.24817755591578
Alameda,1,6001,6001458800,458800,18,13,9,2,21,6,10,11,2386,4.985305889283761,0.5143447212571685,0.54,106647.3,0.04200805262856339,0.63,10161.9,0.06352513451431607,0.59,14391.279999999999,0.3801220915999521,0.71,103629.47,383974,0.6115777370342783,5416262.01,4671627.25,799009.45,4813067.49,4147091.59,3213218.23,959391.99,1579691.68,1269170.42,1458409.02,56.63559287403114,59.24817755591578
Alameda,1,6001,6001213600,213600,15,13,9,2,8,23,0,2,2169,3.0036141792361004,0.5143447212571685,0.54,106647.3,0.04200805262856339,0.63,10161.9,0.06352513451431607,0.59,14391.279999999999,0.3801220915999521,0.71,103629.47,383974,0.6115777370342783,5416262.01,4671627.25,799009.45,4813067.49,4147091.59,3213218.23,959391.99,1579691.68,1269170.42,1458409.02,56.63559287403114,59.24817755591578
Alameda,1,6001,6001364800,364800,18,13,9,2,17,27,18,8,3325,2.9065657544271617,0.5143447212571685,0.54,106647.3,0.04200805262856339,0.63,10161.9,0.06352513451431607,0.59,14391.279999999999,0.3801220915999521,0.71,103629.47,383974,0.6115777370342783,5416262.01,4671627.25,799009.45,4813067.49,4147091.59,3213218.23,959391.99,1579691.68,1269170.42,1458409.02,56.63559287403114,59.24817755591578
Alameda,1,6001,6001456200,456200,18,13,9,2,29,32,7,7,3332,4.342435820593297,0.5143447212571685,0.54,106647.3,0.04200805262856339,0.63,10161.9,0.06352513451431607,0.59,14391.279999999999,0.3801220915999521,0.71,103629.47,383974,0.6115777370342783,5416262.01,4671627.25,799009.45,4813067.49,4147091.59,3213218.23,959391.99,1579691.68,1269170.42,1458409.02,56.63559287403114,59.24817755591578
Alameda,1,6001,6001373000,373000,18,13,9,2,0,0,0,0,1,6.430786432501003,0.5143447212571685,0.54,106647.3,0.04200805262856339,0.63,10161.9,0.06352513451431607,0.59,14391.279999999999,0.3801220915999521,0.71,103629.47,383974,0.6115777370342783,5416262.01,4671627.25,799009.45,4813067.49,4147091.59,3213218.23,959391.99,1579691.68,1269170.42,1458409.02,56.63559287403114,59.24817755591578
Alameda,1,6001,6001302000,302000,18,13,9,2,58,28,16,6,4402,3.0468936854521793,0.5143447212571685,0.54,106647.3,0.04200805262856339,0.63,10161.9,0.06352513451431607,0.59,14391.279999999999,0.3801220915999521,0.71,103629.47,383974,0.6115777370342783,5416262.01,4671627.25,799009.45,4813067.49,4147091.59,3213218.23,959391.99,1579691.68,1269170.42,1458409.02,56.63559287403114,59.24817755591578
Alameda,1,6001,6001281600,281600,15,13,9,2,37,14,5,1,4049,3.09824529238359,0.5143447212571685,0.54,106647.3,0.04200805262856339,0.63,10161.9,0.06352513451431607,0.59,14391.279999999999,0.3801220915999521,0.71,103629.47,383974,0.6115777370342783,5416262.01,4671627.25,799009.45,4813067.49,4147091.59,3213218.23,959391.99,1579691.68,1269170.42,1458409.02,56.63559287403114,59.24817755591578
Alameda,1,6001,6001453500,453500,18,13,9,2,17,18,7,8,2281,4.612053454717308,0.5143447212571685,0.54,106647.3,0.04200805262856339,0.63,10161.9,0.06352513451431607,0.59,14391.279999999999,0.3801220915999521,0.71,103629.47,383974,0.6115777370342783,5416262.01,4671627.25,799009.45,4813067.49,4147091.59,3213218.23,959391.99,1579691.68,1269170.42,1458409.02,56.63559287403114,59.24817755591578
Alameda,1,6001,6001305700,305700,18,13,9,2,29,24,7,12,3204,4.412759346627507,0.5143447212571685,0.54,106647.3,0.04200805262856339,0.63,10161.9,0.06352513451431607,0.59,14391.279999999999,0.3801220915999521,0.71,103629.47,383974,0.6115777370342783,5416262.01,4671627.25,799009.45,4813067.49,4147091.59,3213218.23,959391.99,1579691.68,1269170.42,1458409.02,56.63559287403114,59.24817755591578
Alameda,1,6001,6001209700,209700,15,13,9,2,14,27,5,7,2187,9.343702418097214,0.5143447212571685,0.54,106647.3,0.04200805262856339,0.63,10161.9,0.06352513451431607,0.59,14391.279999999999,0.3801220915999521,0.71,103629.47,383974,0.6115777370342783,5416262.01,4671627.25,799009.45,4813067.49,4147091.59,3213218.23,959391.99,1579691.68,1269170.42,1458409.02,56.63559287403114,59.24817755591578
Alameda,1,6001,6001333900,333900,18,13,9,2,12,20,6,19,2716,3.4403135158210296,0.5143447212571685,0.54,106647.3,0.04200805262856339,0.63,10161.9,0.06352513451431607,0.59,14391.279999999999,0.3801220915999521,0.71,103629.47,383974,0.6115777370342783,5416262.01,4671627.25,799009.45,4813067.49,4147091.59,3213218.23,959391.99,1579691.68,1269170.42,1458409.02,56.63559287403114,59.24817755591578
Alameda,1,6001,6001380400,380400,15,13,9,2,24,18,6,14,3454,6.76287405832756,0.5143447212571685,0.54,106647.3,0.04200805262856339,0.63,10161.9,0.06352513451431607,0.59,14391.279999999999,0.3801220915999521,0.71,103629.47,383974,0.6115777370342783,5416262.01,4671627.25,799009.45,4813067.49,4147091.59,3213218.23,959391.99,1579691.68,1269170.42,1458409.02,56.63559287403114,59.24817755591578
Alameda,1,6001,6001450800,450800,18,13,9,2,5,6,3,2,996,8.815845371784674,0.5143447212571685,0.54,106647.3,0.04200805262856339,0.63,10161.9,0.06352513451431607,0.59,14391.279999999999,0.3801220915999521,0.71,103629.47,383974,0.6115777370342783,5416262.01,4671627.25,799009.45,4813067.49,4147091.59,3213218.23,959391.99,1579691.68,1269170.42,1458409.02,56.63559287403114,59.24817755591578
Alameda,1,6001,6001400900,400900,18,13,9,2,20,9,9,8,3005,7.336084822204617,0.5143447212571685,0.54,106647.3,0.04200805262856339,0.63,10161.9,0.06352513451431607,0.59,14391.279999999999,0.3801220915999521,0.71,103629.47,383974,0.6115777370342783,5416262.01,4671627.25,799009.45,4813067.49,4147091.59,3213218.23,959391.99,1579691.68,1269170.42,1458409.02,56.63559287403114,59.24817755591578
Alameda,1,6001,6001280700,280700,15,13,9,2,57,13,6,3,3837,4.125035154696111,0.5143447212571685,0.54,106647.3,0.04200805262856339,0.63,10161.9,0.06352513451431607,0.59,14391.279999999999,0.3801220915999521,0.71,103629.47,383974,0.6115777370342783,5416262.01,4671627.25,799009.45,4813067.49,4147091.59,3213218.23,959391.99,1579691.68,1269170.42,1458409.02,56.63559287403114,59.24817755591578
Alameda,1,6001,6001244300,244300,15,13,9,2,27,13,6,4,3367,7.79610119276839,0.5143447212571685,0.54,106647.3,0.04200805262856339,0.63,10161.9,0.06352513451431607,0.59,14391.279999999999,0.3801220915999521,0.71,103629.47,383974,0.6115777370342783,5416262.01,4671627.25,799009.45,4813067.49,4147091.59,3213218.23,959391.99,1579691.68,1269170.42,1458409.02,56.63559287403114,59.24817755591578
Alameda,1,6001,6001301200,301200,18,13,9,2,40,24,12,8,4280,4.357963106119902,0.5143447212571685,0.54,106647.3,0.04200805262856339,0.63,10161.9,0.06352513451431607,0.59,14391.279999999999,0.3801220915999521,0.71,103629.47,383974,0.6115777370342783,5416262.01,4671627.25,799009.45,4813067.49,4147091.59,3213218.23,959391.99,1579691.68,1269170.42,1458409.02,56.63559287403114,59.24817755591578
Alameda,1,6001,6001400200,400200,18,13,9,2,9,5,10,7,2068,11.807347376689348,0.5143447212571685,0.54,106647.3,0.04200805262856339,0.63,10161.9,0.06352513451431607,0.59,14391.279999999999,0.3801220915999521,0.71,103629.47,383974,0.6115777370342783,5416262.01,4671627.25,799009.45,4813067.49,4147091.59,3213218.23,959391.99,1579691.68,1269170.42,1458409.02,56.63559287403114,59.24817755591578
Alameda,1,6001,6001305010,305010,18,13,9,2,30,22,14,9,3869,4.9014237471561115,0.5143447212571685,0.54,106647.3,0.04200805262856339,0.63,10161.9,0.06352513451431607,0.59,14391.279999999999,0.3801220915999521,0.71,103629.47,383974,0.6115777370342783,5416262.01,4671627.25,799009.45,4813067.49,4147091.59,3213218.23,959391.99,1579691.68,1269170.42,1458409.02,56.63559287403114,59.24817755591578
Alameda,1,6001,6001364400,364400,18,13,9,2,21,8,10,2,2658,8.448199342984507,0.5143447212571685,0.54,106647.3,0.04200805262856339,0.63,10161.9,0.06352513451431607,0.59,14391.279999999999,0.3801220915999521,0.71,103629.47,383974,0.6115777370342783,5416262.01,4671627.25,799009.45,4813067.49,4147091.59,3213218.23,959391.99,1579691.68,1269170.42,1458409.02,56.63559287403114,59.24817755591578
Alameda,1,6001,6001209900,209900,15,13,9,2,11,24,10,13,3238,9.478625760054966,0.5143447212571685,0.54,106647.3,0.04200805262856339,0.63,10161.9,0.06352513451431607,0.59,14391.279999999999,0.3801220915999521,0.71,103629.47,383974,0.6115777370342783,5416262.01,4671627.25,799009.45,4813067.49,4147091.59,3213218.23,959391.99,1579691.68,1269170.42,1458409.02,56.63559287403114,59.24817755591578
Alameda,1,6001,6001301900,301900,18,13,9,2,37,24,2,10,3947,4.663751023108743,0.5143447212571685,0.54,106647.3,0.04200805262856339,0.63,10161.9,0.06352513451431607,0.59,14391.279999999999,0.3801220915999521,0.71,103629.47,383974,0.6115777370342783,5416262.01,4671627.25,799009.45,4813067.49,4147091.59,3213218.23,959391.99,1579691.68,1269170.42,1458409.02,56.63559287403114,59.24817755591578
Alameda,1,6001,6001373010,373010,18,13,9,2,0,0,0,0,0,9.366337902237857,0.5143447212571685,0.54,106647.3,0.04200805262856339,0.63,10161.9,0.06352513451431607,0.59,14391.279999999999,0.3801220915999521,0.71,103629.47,383974,0.6115777370342783,5416262.01,4671627.25,799009.45,4813067.49,4147091.59,3213218.23,959391.99,1579691.68,1269170.42,1458409.02,56.63559287403114,59.24817755591578
Alameda,1,6001,6001464000,464000,18,13,9,2,0,0,0,0,3,6.876145355271453,0.5143447212571685,0.54,106647.3,0.04200805262856339,0.63,10161.9,0.06352513451431607,0.59,14391.279999999999,0.3801220915999521,0.71,103629.47,383974,0.6115777370342783,5416262.01,4671627.25,799009.45,4813067.49,4147091.59,3213218.23,959391.99,1579691.68,1269170.42,1458409.02,56.63559287403114,59.24817755591578
Alameda,1,6001,6001452400,452400,18,13,9,2,22,17,10,10,3152,12.012171222201998,0.5143447212571685,0.54,106647.3,0.04200805262856339,0.63,10161.9,0.06352513451431607,0.59,14391.279999999999,0.3801220915999521,0.71,103629.47,383974,0.6115777370342783,5416262.01,4671627.25,799009.45,4813067.49,4147091.59,3213218.23,959391.99,1579691.68,1269170.42,1458409.02,56.63559287403114,59.24817755591578
Alameda,1,6001,6001364200,364200,18,13,9,2,4,7,5,1,1152,4.617002133903324,0.5143447212571685,0.54,106647.3,0.04200805262856339,0.63,10161.9,0.06352513451431607,0.59,14391.279999999999,0.3801220915999521,0.71,103629.47,383974,0.6115777370342783,5416262.01,4671627.25,799009.45,4813067.49,4147091.59,3213218.23,959391.99,1579691.68,1269170.42,1458409.02,56.63559287403114,59.24817755591578
Alameda,1,6001,6001415800,415800,18,13,9,2,24,21,11,10,2324,11.7025651767952,0.5143447212571685,0.54,106647.3,0.04200805262856339,0.63,10161.9,0.06352513451431607,0.59,14391.279999999999,0.3801220915999521,0.71,103629.47,383974,0.6115777370342783,5416262.01,4671627.25,799009.45,4813067.49,4147091.59,3213218.23,959391.99,1579691.68,1269170.42,1458409.02,56.63559287403114,59.24817755591578
Alameda,1,6001,6001213100,213100,15,13,9,2,40,11,8,3,3893,14.79063951401485,0.5143447212571685,0.54,106647.3,0.04200805262856339,0.63,10161.9,0.06352513451431607,0.59,14391.279999999999,0.3801220915999521,0.71,103629.47,383974,0.6115777370342783,5416262.01,4671627.25,799009.45,4813067.49,4147091.59,3213218.23,959391.99,1579691.68,1269170.42,1458409.02,56.63559287403114,59.24817755591578
Alameda,1,6001,6001305100,305100,18,13,9,2,29,25,6,10,3694,19.71112282762678,0.5143447212571685,0.54,106647.3,0.04200805262856339,0.63,10161.9,0.06352513451431607,0.59,14391.279999999999,0.3801220915999521,0.71,103629.47,383974,0.6115777370342783,5416262.01,4671627.25,799009.45,4813067.49,4147091.59,3213218.23,959391.99,1579691.68,1269170.42,1458409.02,56.63559287403114,59.24817755591578
Alameda,1,6001,6001336200,336200,18,13,9,2,24,36,9,14,3192,28.032549973282148,0.5143447212571685,0.54,106647.3,0.04200805262856339,0.63,10161.9,0.06352513451431607,0.59,14391.279999999999,0.3801220915999521,0.71,103629.47,383974,0.6115777370342783,5416262.01,4671627.25,799009.45,4813067.49,4147091.59,3213218.23,959391.99,1579691.68,1269170.42,1458409.02,56.63559287403114,59.24817755591578
San Francisco,38,6075,60759900,9900,17,13,11,2,0,0,0,0,0,0.14697504342294573,0.5143447212571685,0.54,106647.3,0.04200805262856339,0.63,10161.9,0.06352513451431607,0.59,14391.279999999999,0.3801220915999521,0.71,103629.47,383974,0.6115777370342783,5416262.01,4671627.25,799009.45,4813067.49,4147091.59,3213218.23,959391.99,1579691.68,1269170.42,1458409.02,56.63559287403114,59.24817755591578
